date,annee,mois,jour,numeroJourDansSemaine,numeroJourDansAnnee,numeroSemaine,numeroMagasin,numeroProduit,prixVente,codeDelaMeteo,temperature,promo,quantiteVendue
2016/6/1,2016,6,1,3,153,201622,2,101,1.69,500,14.89,1,452
2016/6/1,2016,6,1,3,153,201622,919,101,1.57,500,14.89,1,148
2016/6/2,2016,6,2,4,154,201622,2,101,1.69,501,12.23,1,560
2016/6/2,2016,6,2,4,154,201622,919,101,1.62,501,12.23,1,102
2016/6/3,2016,6,3,5,155,201622,2,101,1.66,500,15.12,1,484
2016/6/3,2016,6,3,5,155,201622,919,101,1.56,500,15.12,1,99
2016/6/4,2016,6,4,6,156,201622,2,101,1.65,0,,1,506
2016/6/4,2016,6,4,6,156,201622,919,101,1.56,0,,1,122
2016/6/5,2016,6,5,7,157,201622,2,101,.00,500,21.23,1,0
2016/6/5,2016,6,5,7,157,201622,919,101,.00,500,21.23,1,0
2016/6/6,2016,6,6,1,158,201623,2,101,1.59,500,24.65,1,320
2016/6/6,2016,6,6,1,158,201623,919,101,1.44,500,24.65,1,98
2016/6/7,2016,6,7,2,159,201623,2,101,1.51,500,26.32,1,318
2016/6/7,2016,6,7,2,159,201623,919,101,1.34,500,26.32,1,128
2016/6/8,2016,6,8,3,160,201623,2,101,1.58,800,22.78,0,269
2016/6/8,2016,6,8,3,160,201623,919,101,1.38,800,22.78,0,122
2016/6/9,2016,6,9,4,161,201623,2,101,1.60,800,20.65,0,354
2016/6/9,2016,6,9,4,161,201623,919,101,1.47,800,20.65,0,83
2016/6/10,2016,6,10,5,162,201623,2,101,1.63,803,24.56,0,312
2016/6/10,2016,6,10,5,162,201623,919,101,1.45,803,24.56,0,70
2016/6/11,2016,6,11,6,163,201623,2,101,1.59,500,22.78,0,445
2016/6/11,2016,6,11,6,163,201623,919,101,1.58,500,22.78,0,102
2016/6/12,2016,6,12,7,164,201623,2,101,.00,501,20.32,0,0
2016/6/12,2016,6,12,7,164,201623,919,101,.00,501,20.32,0,0
2016/6/13,2016,6,13,1,165,201624,2,101,1.63,500,16.77,0,305
2016/6/13,2016,6,13,1,165,201624,919,101,1.61,500,16.77,0,87
2016/6/14,2016,6,14,2,166,201624,2,101,1.53,500,14.92,0,324
2016/6/14,2016,6,14,2,166,201624,919,101,1.54,500,14.92,0,121
2016/6/15,2016,6,15,3,167,201624,2,101,1.50,500,17.85,0,242
2016/6/15,2016,6,15,3,167,201624,919,101,1.44,500,17.85,0,79
2016/6/16,2016,6,16,4,168,201624,2,101,1.54,502,13.98,0,324
2016/6/16,2016,6,16,4,168,201624,919,101,1.53,502,13.98,0,89
2016/6/17,2016,6,17,5,169,201624,2,101,1.59,501,15.22,0,442
2016/6/17,2016,6,17,5,169,201624,919,101,1.45,501,15.22,0,130
2016/6/18,2016,6,18,6,170,201624,2,101,1.64,500,15.37,0,504
2016/6/18,2016,6,18,6,170,201624,919,101,1.68,500,15.37,0,106
2016/6/19,2016,6,19,7,171,201624,2,101,.00,500,18.55,0,0
2016/6/19,2016,6,19,7,171,201624,919,101,.00,500,18.55,0,0
2016/6/20,2016,6,20,1,172,201625,2,101,1.51,502,15.70,0,308
2016/6/20,2016,6,20,1,172,201625,919,101,1.51,502,15.70,0,88
2016/6/21,2016,6,21,2,173,201625,2,101,1.59,500,19.09,1,388
2016/6/21,2016,6,21,2,173,201625,919,101,1.47,500,19.09,1,105
2016/6/22,2016,6,22,3,174,201625,2,101,1.68,500,26.36,1,290
2016/6/22,2016,6,22,3,174,201625,919,101,1.64,500,26.36,1,94
2016/6/23,2016,6,23,4,175,201625,2,101,1.64,500,24.45,1,425
2016/6/23,2016,6,23,4,175,201625,919,101,1.59,500,24.45,1,72
2016/6/24,2016,6,24,5,176,201625,2,101,1.71,501,23.35,1,408
2016/6/24,2016,6,24,5,176,201625,919,101,1.59,501,23.35,1,120
2016/6/25,2016,6,25,6,177,201625,2,101,1.62,501,18.01,1,406
2016/6/25,2016,6,25,6,177,201625,919,101,1.61,501,18.01,1,93
2016/6/26,2016,6,26,7,178,201625,2,101,1.56,803,16.90,1,200
2016/6/26,2016,6,26,7,178,201625,919,101,.00,803,16.90,1,0
2016/6/27,2016,6,27,1,179,201626,2,101,1.68,501,17.97,1,341
2016/6/27,2016,6,27,1,179,201626,919,101,1.54,501,17.97,1,96
2016/6/28,2016,6,28,2,180,201626,2,101,1.61,501,20.64,1,370
2016/6/28,2016,6,28,2,180,201626,919,101,1.58,501,20.64,1,110
2016/6/29,2016,6,29,3,181,201626,2,101,1.71,500,18.83,0,356
2016/6/29,2016,6,29,3,181,201626,919,101,1.57,500,18.83,0,71
2016/6/30,2016,6,30,4,182,201626,2,101,1.57,500,17.08,0,411
2016/6/30,2016,6,30,4,182,201626,919,101,1.64,500,17.08,0,80
2016/7/1,2016,7,1,5,183,201626,2,101,1.60,500,18.56,0,417
2016/7/1,2016,7,1,5,183,201626,919,101,1.53,500,18.56,0,87
2016/7/2,2016,7,2,6,184,201626,2,101,1.60,0,,0,459
2016/7/2,2016,7,2,6,184,201626,919,101,1.50,0,,0,122
2016/7/3,2016,7,3,7,185,201626,2,101,.00,500,16.49,0,0
2016/7/3,2016,7,3,7,185,201626,919,101,.00,500,16.49,0,0
2016/7/4,2016,7,4,1,186,201627,2,101,1.53,500,20.05,0,323
2016/7/4,2016,7,4,1,186,201627,919,101,1.54,500,20.05,0,64
2016/7/5,2016,7,5,2,187,201627,2,101,1.64,500,18.70,0,319
2016/7/5,2016,7,5,2,187,201627,919,101,1.46,500,18.70,0,107
2016/7/6,2016,7,6,3,188,201627,2,101,1.59,800,20.48,0,305
2016/7/6,2016,7,6,3,188,201627,919,101,1.52,800,20.48,0,60
2016/7/7,2016,7,7,4,189,201627,2,101,1.62,804,22.50,0,423
2016/7/7,2016,7,7,4,189,201627,919,101,1.56,804,22.50,0,70
2016/7/8,2016,7,8,5,190,201627,2,101,1.65,803,23.62,0,382
2016/7/8,2016,7,8,5,190,201627,919,101,1.59,803,23.62,0,74
2016/7/9,2016,7,9,6,191,201627,2,101,1.62,801,24.71,0,380
2016/7/9,2016,7,9,6,191,201627,919,101,1.59,801,24.71,0,86
2016/7/10,2016,7,10,7,192,201627,2,101,.00,500,27.49,0,0
2016/7/10,2016,7,10,7,192,201627,919,101,.00,500,27.49,0,0
2016/7/11,2016,7,11,1,193,201628,2,101,1.62,500,20.22,0,332
2016/7/11,2016,7,11,1,193,201628,919,101,1.52,500,20.22,0,46
2016/7/12,2016,7,12,2,194,201628,2,101,1.55,500,18.61,0,331
2016/7/12,2016,7,12,2,194,201628,919,101,1.47,500,18.61,0,77
2016/7/13,2016,7,13,3,195,201628,2,101,1.72,500,18.16,0,309
2016/7/13,2016,7,13,3,195,201628,919,101,1.55,500,18.16,0,84
2016/7/14,2016,7,14,4,196,201628,2,101,1.59,800,18.12,0,370
2016/7/14,2016,7,14,4,196,201628,919,101,.00,800,18.12,0,0
2016/7/15,2016,7,15,5,197,201628,2,101,1.63,800,20.59,0,362
2016/7/15,2016,7,15,5,197,201628,919,101,1.43,800,20.59,0,84
2016/7/16,2016,7,16,6,198,201628,2,101,1.50,801,24.28,0,354
2016/7/16,2016,7,16,6,198,201628,919,101,1.53,801,24.28,0,70
2016/7/17,2016,7,17,7,199,201628,2,101,.00,801,25.02,0,0
2016/7/17,2016,7,17,7,199,201628,919,101,.00,801,25.02,0,0
2016/7/18,2016,7,18,1,200,201629,2,101,1.61,801,26.28,0,269
2016/7/18,2016,7,18,1,200,201629,919,101,1.63,801,26.28,0,59
2016/7/19,2016,7,19,2,201,201629,2,101,1.62,800,31.59,0,224
2016/7/19,2016,7,19,2,201,201629,919,101,1.56,800,31.59,0,80
2016/7/20,2016,7,20,3,202,201629,2,101,1.60,800,22.10,0,218
2016/7/20,2016,7,20,3,202,201629,919,101,1.66,800,22.10,0,44
2016/7/21,2016,7,21,4,203,201629,2,101,1.60,801,24.16,0,263
2016/7/21,2016,7,21,4,203,201629,919,101,1.76,801,24.16,0,40
2016/7/22,2016,7,22,5,204,201629,2,101,1.68,803,24.52,0,233
2016/7/22,2016,7,22,5,204,201629,919,101,1.46,803,24.52,0,30
2016/7/23,2016,7,23,6,205,201629,2,101,1.57,800,22.36,0,305
2016/7/23,2016,7,23,6,205,201629,919,101,1.61,800,22.36,0,59
2016/7/24,2016,7,24,7,206,201629,2,101,.00,800,24.47,0,0
2016/7/24,2016,7,24,7,206,201629,919,101,.00,800,24.47,0,0
2016/7/25,2016,7,25,1,207,201630,2,101,1.59,500,23.14,0,277
2016/7/25,2016,7,25,1,207,201630,919,101,1.65,500,23.14,0,67
2016/7/26,2016,7,26,2,208,201630,2,101,1.81,803,22.12,1,288
2016/7/26,2016,7,26,2,208,201630,919,101,1.61,803,22.12,1,64
2016/7/27,2016,7,27,3,209,201630,2,101,1.98,500,19.13,1,314
2016/7/27,2016,7,27,3,209,201630,919,101,1.45,500,19.13,1,52
2016/7/28,2016,7,28,4,210,201630,2,101,1.83,500,21.03,1,326
2016/7/28,2016,7,28,4,210,201630,919,101,1.56,500,21.03,1,56
2016/7/29,2016,7,29,5,211,201630,2,101,1.79,803,21.34,1,337
2016/7/29,2016,7,29,5,211,201630,919,101,1.47,803,21.34,1,64
2016/7/30,2016,7,30,6,212,201630,2,101,1.69,500,20.14,1,398
2016/7/30,2016,7,30,6,212,201630,919,101,1.52,500,20.14,1,89
2016/7/31,2016,7,31,7,213,201630,2,101,.00,802,21.70,1,0
2016/7/31,2016,7,31,7,213,201630,919,101,.00,802,21.70,1,0
2016/8/1,2016,8,1,1,214,201631,2,101,1.55,500,19.34,1,372
2016/8/1,2016,8,1,1,214,201631,919,101,1.53,500,19.34,1,80
2016/8/2,2016,8,2,2,215,201631,2,101,1.53,501,16.94,1,483
2016/8/2,2016,8,2,2,215,201631,919,101,1.43,501,16.94,1,99
2016/8/3,2016,8,3,3,216,201631,2,101,1.56,501,18.18,1,349
2016/8/3,2016,8,3,3,216,201631,919,101,1.59,501,18.18,1,62
2016/8/4,2016,8,4,4,217,201631,2,101,1.58,803,19.32,1,382
2016/8/4,2016,8,4,4,217,201631,919,101,1.61,803,19.32,1,55
2016/8/5,2016,8,5,5,218,201631,2,101,1.53,800,20.88,1,311
2016/8/5,2016,8,5,5,218,201631,919,101,1.53,800,20.88,1,62
2016/8/6,2016,8,6,6,219,201631,2,101,1.52,500,20.92,1,358
2016/8/6,2016,8,6,6,219,201631,919,101,1.55,500,20.92,1,65
2016/8/7,2016,8,7,7,220,201631,2,101,.00,500,23.84,1,0
2016/8/7,2016,8,7,7,220,201631,919,101,.00,500,23.84,1,0
2016/8/8,2016,8,8,1,221,201632,2,101,1.57,800,20.86,1,368
2016/8/8,2016,8,8,1,221,201632,919,101,1.50,800,20.86,1,82
2016/8/9,2016,8,9,2,222,201632,2,101,1.54,800,19.28,1,312
2016/8/9,2016,8,9,2,222,201632,919,101,1.52,800,19.28,1,62
2016/8/10,2016,8,10,3,223,201632,2,101,1.54,500,15.29,0,252
2016/8/10,2016,8,10,3,223,201632,919,101,1.63,500,15.29,0,43
2016/8/11,2016,8,11,4,224,201632,2,101,1.53,501,15.28,0,356
2016/8/11,2016,8,11,4,224,201632,919,101,1.66,501,15.28,0,47
2016/8/12,2016,8,12,5,225,201632,2,101,1.66,801,23.19,0,317
2016/8/12,2016,8,12,5,225,201632,919,101,1.60,801,23.19,0,49
2016/8/13,2016,8,13,6,226,201632,2,101,1.53,800,23.78,0,332
2016/8/13,2016,8,13,6,226,201632,919,101,1.62,800,23.78,0,56
2016/8/14,2016,8,14,7,227,201632,2,101,.00,800,21.49,0,0
2016/8/14,2016,8,14,7,227,201632,919,101,.00,800,21.49,0,0
2016/8/15,2016,8,15,1,228,201633,2,101,1.58,800,22.58,0,469
2016/8/15,2016,8,15,1,228,201633,919,101,.00,800,22.58,0,0
2016/8/16,2016,8,16,2,229,201633,2,101,1.51,800,23.27,0,322
2016/8/16,2016,8,16,2,229,201633,919,101,1.58,800,23.27,0,126
2016/8/17,2016,8,17,3,230,201633,2,101,1.62,801,28.71,0,335
2016/8/17,2016,8,17,3,230,201633,919,101,1.48,801,28.71,0,79
2016/8/18,2016,8,18,4,231,201633,2,101,1.67,500,26.12,0,415
2016/8/18,2016,8,18,4,231,201633,919,101,1.60,500,26.12,0,59
2016/8/19,2016,8,19,5,232,201633,2,101,1.59,500,24.71,0,477
2016/8/19,2016,8,19,5,232,201633,919,101,1.55,500,24.71,0,90
2016/8/20,2016,8,20,6,233,201633,2,101,1.60,501,23.53,0,538
2016/8/20,2016,8,20,6,233,201633,919,101,1.48,501,23.53,0,87
2016/8/21,2016,8,21,7,234,201633,2,101,.00,500,20.49,0,0
2016/8/21,2016,8,21,7,234,201633,919,101,.00,500,20.49,0,0
2016/8/22,2016,8,22,1,235,201634,2,101,1.59,802,24.34,0,480
2016/8/22,2016,8,22,1,235,201634,919,101,1.47,802,24.34,0,112
2016/8/23,2016,8,23,2,236,201634,2,101,1.27,800,28.55,1,552
2016/8/23,2016,8,23,2,236,201634,919,101,1.36,800,28.55,1,112
2016/8/24,2016,8,24,3,237,201634,2,101,1.27,800,33.06,1,512
2016/8/24,2016,8,24,3,237,201634,919,101,1.20,800,33.06,1,107
2016/8/25,2016,8,25,4,238,201634,2,101,1.33,500,31.93,1,515
2016/8/25,2016,8,25,4,238,201634,919,101,1.17,500,31.93,1,93
2016/8/26,2016,8,26,5,239,201634,2,101,1.33,801,26.32,1,576
2016/8/26,2016,8,26,5,239,201634,919,101,1.14,801,26.32,1,180
2016/8/27,2016,8,27,6,240,201634,2,101,1.31,800,31.85,1,696
2016/8/27,2016,8,27,6,240,201634,919,101,1.38,800,31.85,1,150
2016/8/28,2016,8,28,7,241,201634,2,101,.00,802,22.67,1,0
2016/8/28,2016,8,28,7,241,201634,919,101,.00,802,22.67,1,0
2016/8/29,2016,8,29,1,242,201635,2,101,1.38,500,19.78,1,598
2016/8/29,2016,8,29,1,242,201635,919,101,1.44,500,19.78,1,169
2016/8/30,2016,8,30,2,243,201635,2,101,1.47,800,24.71,1,477
2016/8/30,2016,8,30,2,243,201635,919,101,1.37,800,24.71,1,137
2016/8/31,2016,8,31,3,244,201635,2,101,1.49,801,25.73,1,396
2016/8/31,2016,8,31,3,244,201635,919,101,1.28,801,25.73,1,110
2016/9/1,2016,9,1,4,245,201635,2,101,1.54,800,21.85,1,528
2016/9/1,2016,9,1,4,245,201635,919,101,1.36,800,21.85,1,85
2016/9/2,2016,9,2,5,246,201635,2,101,1.43,803,22.68,1,515
2016/9/2,2016,9,2,5,246,201635,919,101,1.32,803,22.68,1,142
2016/9/3,2016,9,3,6,247,201635,2,101,1.48,500,22.07,1,607
2016/9/3,2016,9,3,6,247,201635,919,101,1.52,500,22.07,1,122
2016/9/4,2016,9,4,7,248,201635,2,101,1.37,500,18.50,1,272
2016/9/4,2016,9,4,7,248,201635,919,101,.00,500,18.50,1,0
2016/9/5,2016,9,5,1,249,201636,2,101,1.47,804,19.83,0,465
2016/9/5,2016,9,5,1,249,201636,919,101,1.51,804,19.83,0,96
2016/9/6,2016,9,6,2,250,201636,2,101,1.59,500,25.79,1,430
2016/9/6,2016,9,6,2,250,201636,919,101,1.47,500,25.79,1,113
2016/9/7,2016,9,7,3,251,201636,2,101,1.59,800,27.03,1,356
2016/9/7,2016,9,7,3,251,201636,919,101,1.61,800,27.03,1,91
2016/9/8,2016,9,8,4,252,201636,2,101,1.60,800,27.30,1,402
2016/9/8,2016,9,8,4,252,201636,919,101,1.54,800,27.30,1,75
2016/9/9,2016,9,9,5,253,201636,2,101,1.64,800,24.42,1,468
2016/9/9,2016,9,9,5,253,201636,919,101,1.57,800,24.42,1,100
2016/9/10,2016,9,10,6,254,201636,2,101,1.63,500,25.36,1,650
2016/9/10,2016,9,10,6,254,201636,919,101,1.60,500,25.36,1,100
2016/9/11,2016,9,11,7,255,201636,2,101,.00,802,23.92,1,0
2016/9/11,2016,9,11,7,255,201636,919,101,.00,802,23.92,1,0
2016/9/12,2016,9,12,1,256,201637,2,101,1.71,801,29.80,1,350
2016/9/12,2016,9,12,1,256,201637,919,101,1.65,801,29.80,1,93
2016/9/13,2016,9,13,2,257,201637,2,101,1.66,801,33.04,1,305
2016/9/13,2016,9,13,2,257,201637,919,101,1.57,801,33.04,1,133
2016/9/14,2016,9,14,3,258,201637,2,101,1.65,501,31.37,0,286
2016/9/14,2016,9,14,3,258,201637,919,101,1.68,501,31.37,0,92
2016/9/15,2016,9,15,4,259,201637,2,101,1.60,501,28.06,0,330
2016/9/15,2016,9,15,4,259,201637,919,101,1.53,501,28.06,0,72
2016/9/16,2016,9,16,5,260,201637,2,101,1.65,502,22.23,0,413
2016/9/16,2016,9,16,5,260,201637,919,101,1.57,502,22.23,0,85
2016/9/17,2016,9,17,6,261,201637,2,101,1.59,800,19.87,0,598
2016/9/17,2016,9,17,6,261,201637,919,101,1.55,800,19.87,0,150
2016/9/18,2016,9,18,7,262,201637,2,101,.00,802,20.74,0,0
2016/9/18,2016,9,18,7,262,201637,919,101,.00,802,20.74,0,0
2016/9/19,2016,9,19,1,263,201638,2,101,1.57,500,21.22,0,309
2016/9/19,2016,9,19,1,263,201638,919,101,1.64,500,21.22,0,83
2016/9/20,2016,9,20,2,264,201638,2,101,1.62,500,21.86,1,336
2016/9/20,2016,9,20,2,264,201638,919,101,1.27,500,21.86,1,130
2016/9/21,2016,9,21,3,265,201638,2,101,1.60,801,20.41,1,365
2016/9/21,2016,9,21,3,265,201638,919,101,1.56,801,20.41,1,78
2016/9/22,2016,9,22,4,266,201638,2,101,1.49,500,22.94,1,446
2016/9/22,2016,9,22,4,266,201638,919,101,1.52,500,22.94,1,57
2016/9/23,2016,9,23,5,267,201638,2,101,1.56,801,20.95,1,440
2016/9/23,2016,9,23,5,267,201638,919,101,1.55,801,20.95,1,98
2016/9/24,2016,9,24,6,268,201638,2,101,1.51,800,25.51,1,575
2016/9/24,2016,9,24,6,268,201638,919,101,1.54,800,25.51,1,102
2016/9/25,2016,9,25,7,269,201638,2,101,.00,500,24.15,1,0
2016/9/25,2016,9,25,7,269,201638,919,101,.00,500,24.15,1,0
2016/9/26,2016,9,26,1,270,201639,2,101,1.47,0,,1,408
2016/9/26,2016,9,26,1,270,201639,919,101,1.40,0,,1,130
2016/9/27,2016,9,27,2,271,201639,2,101,1.49,801,24.25,1,346
2016/9/27,2016,9,27,2,271,201639,919,101,1.55,801,24.25,1,112
2016/9/28,2016,9,28,3,272,201639,2,101,1.55,800,22.25,1,342
2016/9/28,2016,9,28,3,272,201639,919,101,1.64,800,22.25,1,80
2016/9/29,2016,9,29,4,273,201639,2,101,1.56,500,20.02,1,540
2016/9/29,2016,9,29,4,273,201639,919,101,1.61,500,20.02,1,111
2016/9/30,2016,9,30,5,274,201639,2,101,1.54,500,18.26,1,449
2016/9/30,2016,9,30,5,274,201639,919,101,1.52,500,18.26,1,154
2016/10/1,2016,10,1,6,275,201639,2,101,1.51,501,20.06,1,648
2016/10/1,2016,10,1,6,275,201639,919,101,1.59,501,20.06,1,193
2016/10/2,2016,10,2,7,276,201639,2,101,.00,501,16.08,1,0
2016/10/2,2016,10,2,7,276,201639,919,101,.00,501,16.08,1,0
2016/10/3,2016,10,3,1,277,201640,2,101,1.54,500,18.09,1,378
2016/10/3,2016,10,3,1,277,201640,919,101,1.47,500,18.09,1,118
2016/10/4,2016,10,4,2,278,201640,2,101,1.62,800,19.68,1,431
2016/10/4,2016,10,4,2,278,201640,919,101,1.54,800,19.68,1,130
2016/10/5,2016,10,5,3,279,201640,2,101,1.56,800,13.80,1,390
2016/10/5,2016,10,5,3,279,201640,919,101,1.52,800,13.80,1,126
2016/10/6,2016,10,6,4,280,201640,2,101,1.56,800,13.59,1,549
2016/10/6,2016,10,6,4,280,201640,919,101,1.49,800,13.59,1,91
2016/10/7,2016,10,7,5,281,201640,2,101,1.54,801,16.94,1,572
2016/10/7,2016,10,7,5,281,201640,919,101,1.58,801,16.94,1,113
2016/10/8,2016,10,8,6,282,201640,2,101,1.46,500,14.19,1,715
2016/10/8,2016,10,8,6,282,201640,919,101,1.60,500,14.19,1,191
2016/10/9,2016,10,9,7,283,201640,2,101,.00,500,14.69,1,0
2016/10/9,2016,10,9,7,283,201640,919,101,.00,500,14.69,1,0
2016/10/10,2016,10,10,1,284,201641,2,101,1.51,500,13.74,1,379
2016/10/10,2016,10,10,1,284,201641,919,101,1.59,500,13.74,1,110
2016/10/11,2016,10,11,2,285,201641,2,101,1.60,500,13.10,1,457
2016/10/11,2016,10,11,2,285,201641,919,101,1.46,500,13.10,1,167
2016/10/12,2016,10,12,3,286,201641,2,101,1.55,500,12.53,1,487
2016/10/12,2016,10,12,3,286,201641,919,101,1.41,500,12.53,1,158
2016/10/13,2016,10,13,4,287,201641,2,101,1.48,802,13.29,1,696
2016/10/13,2016,10,13,4,287,201641,919,101,1.36,802,13.29,1,112
2016/10/14,2016,10,14,5,288,201641,2,101,1.54,500,16.21,1,662
2016/10/14,2016,10,14,5,288,201641,919,101,1.48,500,16.21,1,142
2016/10/15,2016,10,15,6,289,201641,2,101,1.53,802,13.72,1,825
2016/10/15,2016,10,15,6,289,201641,919,101,1.51,802,13.72,1,224
2016/10/16,2016,10,16,7,290,201641,2,101,.00,501,17.31,1,0
2016/10/16,2016,10,16,7,290,201641,919,101,.00,501,17.31,1,0
2016/10/17,2016,10,17,1,291,201642,2,101,1.50,500,16.21,1,447
2016/10/17,2016,10,17,1,291,201642,919,101,1.41,500,16.21,1,125
2016/10/18,2016,10,18,2,292,201642,2,101,1.55,501,12.09,1,511
2016/10/18,2016,10,18,2,292,201642,919,101,1.43,501,12.09,1,130
2016/10/19,2016,10,19,3,293,201642,2,101,1.62,501,12.23,0,452
2016/10/19,2016,10,19,3,293,201642,919,101,1.47,501,12.23,0,108
2016/10/20,2016,10,20,4,294,201642,2,101,1.60,501,12.63,0,546
2016/10/20,2016,10,20,4,294,201642,919,101,1.50,501,12.63,0,89
2016/10/21,2016,10,21,5,295,201642,2,101,1.63,500,10.81,0,656
2016/10/21,2016,10,21,5,295,201642,919,101,1.54,500,10.81,0,116
2016/10/22,2016,10,22,6,296,201642,2,101,1.55,500,13.33,0,757
2016/10/22,2016,10,22,6,296,201642,919,101,1.54,500,13.33,0,123
2016/10/23,2016,10,23,7,297,201642,2,101,.00,500,13.97,0,0
2016/10/23,2016,10,23,7,297,201642,919,101,.00,500,13.97,0,0
2016/10/24,2016,10,24,1,298,201643,2,101,1.61,500,13.17,0,427
2016/10/24,2016,10,24,1,298,201643,919,101,1.62,500,13.17,0,89
2016/10/25,2016,10,25,2,299,201643,2,101,1.57,500,12.06,0,444
2016/10/25,2016,10,25,2,299,201643,919,101,1.47,500,12.06,0,148
2016/10/26,2016,10,26,3,300,201643,2,101,1.65,500,12.46,0,552
2016/10/26,2016,10,26,3,300,201643,919,101,1.58,500,12.46,0,94
2016/10/27,2016,10,27,4,301,201643,2,101,1.59,800,15.16,0,627
2016/10/27,2016,10,27,4,301,201643,919,101,1.59,800,15.16,0,101
2016/10/28,2016,10,28,5,302,201643,2,101,1.60,500,16.12,0,620
2016/10/28,2016,10,28,5,302,201643,919,101,1.63,500,16.12,0,107
2016/10/29,2016,10,29,6,303,201643,2,101,1.57,500,15.67,0,824
2016/10/29,2016,10,29,6,303,201643,919,101,1.61,500,15.67,0,171
2016/10/30,2016,10,30,7,304,201643,2,101,.00,800,17.45,0,0
2016/10/30,2016,10,30,7,304,201643,919,101,.00,800,17.45,0,0
2016/10/31,2016,10,31,1,305,201644,2,101,1.56,802,17.68,1,705
2016/10/31,2016,10,31,1,305,201644,919,101,1.57,802,17.68,1,139
2016/11/1,2016,11,1,2,306,201644,2,101,1.59,500,18.83,1,725
2016/11/1,2016,11,1,2,306,201644,919,101,.00,500,18.83,1,0
2016/11/2,2016,11,2,3,307,201644,2,101,1.65,500,11.27,1,632
2016/11/2,2016,11,2,3,307,201644,919,101,1.53,500,11.27,1,169
2016/11/3,2016,11,3,4,308,201644,2,101,1.63,801,12.43,1,618
2016/11/3,2016,11,3,4,308,201644,919,101,1.61,801,12.43,1,97
2016/11/4,2016,11,4,5,309,201644,2,101,1.60,501,10.89,1,753
2016/11/4,2016,11,4,5,309,201644,919,101,1.56,501,10.89,1,116
2016/11/5,2016,11,5,6,310,201644,2,101,1.63,500,9.92,1,898
2016/11/5,2016,11,5,6,310,201644,919,101,1.38,500,9.92,1,136
2016/11/6,2016,11,6,7,311,201644,2,101,.00,502,8.51,1,0
2016/11/6,2016,11,6,7,311,201644,919,101,.00,502,8.51,1,0
2016/11/7,2016,11,7,1,312,201645,2,101,1.66,500,8.12,1,513
2016/11/7,2016,11,7,1,312,201645,919,101,1.59,500,8.12,1,148
2016/11/8,2016,11,8,2,313,201645,2,101,1.48,500,7.27,1,461
2016/11/8,2016,11,8,2,313,201645,919,101,1.49,500,7.27,1,107
2016/11/9,2016,11,9,3,314,201645,2,101,1.60,501,4.73,0,469
2016/11/9,2016,11,9,3,314,201645,919,101,1.59,501,4.73,0,126
2016/11/10,2016,11,10,4,315,201645,2,101,1.60,501,9.85,0,679
2016/11/10,2016,11,10,4,315,201645,919,101,1.54,501,9.85,0,119
2016/11/11,2016,11,11,5,316,201645,2,101,1.55,500,9.41,0,786
2016/11/11,2016,11,11,5,316,201645,919,101,1.57,500,9.41,0,97
2016/11/12,2016,11,12,6,317,201645,2,101,1.63,500,5.99,0,791
2016/11/12,2016,11,12,6,317,201645,919,101,1.65,500,5.99,0,144
2016/11/13,2016,11,13,7,318,201645,2,101,.00,500,8.80,0,0
2016/11/13,2016,11,13,7,318,201645,919,101,.00,500,8.80,0,0
2016/11/14,2016,11,14,1,319,201646,2,101,1.61,500,9.89,0,451
2016/11/14,2016,11,14,1,319,201646,919,101,1.61,500,9.89,0,106
2016/11/15,2016,11,15,2,320,201646,2,101,1.59,500,14.16,1,480
2016/11/15,2016,11,15,2,320,201646,919,101,1.39,500,14.16,1,125
2016/11/16,2016,11,16,3,321,201646,2,101,1.60,500,14.26,1,486
2016/11/16,2016,11,16,3,321,201646,919,101,1.50,500,14.26,1,105
2016/11/17,2016,11,17,4,322,201646,2,101,1.58,502,11.61,1,638
2016/11/17,2016,11,17,4,322,201646,919,101,1.62,502,11.61,1,86
2016/11/18,2016,11,18,5,323,201646,2,101,1.59,500,8.85,1,569
2016/11/18,2016,11,18,5,323,201646,919,101,1.63,500,8.85,1,115
2016/11/19,2016,11,19,6,324,201646,2,101,1.55,501,8.97,1,922
2016/11/19,2016,11,19,6,324,201646,919,101,1.61,501,8.97,1,195
2016/11/20,2016,11,20,7,325,201646,2,101,.00,501,10.85,1,0
2016/11/20,2016,11,20,7,325,201646,919,101,.00,501,10.85,1,0
2016/11/21,2016,11,21,1,326,201647,2,101,1.58,0,,1,430
2016/11/21,2016,11,21,1,326,201647,919,101,1.52,0,,1,104
2016/11/22,2016,11,22,2,327,201647,2,101,1.49,500,11.90,1,485
2016/11/22,2016,11,22,2,327,201647,919,101,1.52,500,11.90,1,103
2016/11/23,2016,11,23,3,328,201647,2,101,1.49,501,11.67,1,359
2016/11/23,2016,11,23,3,328,201647,919,101,1.62,501,11.67,1,83
2016/11/24,2016,11,24,4,329,201647,2,101,1.64,802,10.40,1,504
2016/11/24,2016,11,24,4,329,201647,919,101,1.60,802,10.40,1,84
2016/11/25,2016,11,25,5,330,201647,2,101,1.56,800,8.19,1,605
2016/11/25,2016,11,25,5,330,201647,919,101,1.57,800,8.19,1,112
2016/11/26,2016,11,26,6,331,201647,2,101,1.52,801,9.35,1,747
2016/11/26,2016,11,26,6,331,201647,919,101,1.51,801,9.35,1,186
2016/11/27,2016,11,27,7,332,201647,2,101,1.44,500,10.82,1,231
2016/11/27,2016,11,27,7,332,201647,919,101,.00,500,10.82,1,0
2016/11/28,2016,11,28,1,333,201648,2,101,1.49,800,6.36,1,405
2016/11/28,2016,11,28,1,333,201648,919,101,1.57,800,6.36,1,117
2016/11/29,2016,11,29,2,334,201648,2,101,1.52,800,5.43,1,491
2016/11/29,2016,11,29,2,334,201648,919,101,1.52,800,5.43,1,142
2016/11/30,2016,11,30,3,335,201648,2,101,1.58,800,9.18,1,385
2016/11/30,2016,11,30,3,335,201648,919,101,1.60,800,9.18,1,137
2016/12/1,2016,12,1,4,336,201648,2,101,1.59,500,10.13,1,592
2016/12/1,2016,12,1,4,336,201648,919,101,1.63,500,10.13,1,106
2016/12/2,2016,12,2,5,337,201648,2,101,1.55,500,11.14,1,598
2016/12/2,2016,12,2,5,337,201648,919,101,1.60,500,11.14,1,148
2016/12/3,2016,12,3,6,338,201648,2,101,1.53,500,8.68,1,687
2016/12/3,2016,12,3,6,338,201648,919,101,1.59,500,8.68,1,191
2016/12/4,2016,12,4,7,339,201648,2,101,1.53,800,6.31,1,368
2016/12/4,2016,12,4,7,339,201648,919,101,.00,800,6.31,1,0
2016/12/5,2016,12,5,1,340,201649,2,101,1.56,801,8.35,1,438
2016/12/5,2016,12,5,1,340,201649,919,101,1.55,801,8.35,1,113
2016/12/6,2016,12,6,2,341,201649,2,101,1.48,800,11.17,1,477
2016/12/6,2016,12,6,2,341,201649,919,101,1.50,800,11.17,1,134
2016/12/7,2016,12,7,3,342,201649,2,101,1.58,802,10.55,0,386
2016/12/7,2016,12,7,3,342,201649,919,101,1.57,802,10.55,0,119
2016/12/8,2016,12,8,4,343,201649,2,101,1.64,500,8.87,0,558
2016/12/8,2016,12,8,4,343,201649,919,101,1.48,500,8.87,0,108
2016/12/9,2016,12,9,5,344,201649,2,101,1.62,801,10.98,0,508
2016/12/9,2016,12,9,5,344,201649,919,101,1.57,801,10.98,0,134
2016/12/10,2016,12,10,6,345,201649,2,101,1.47,500,11.54,0,573
2016/12/10,2016,12,10,6,345,201649,919,101,1.70,500,11.54,0,145
2016/12/11,2016,12,11,7,346,201649,2,101,1.51,500,9.78,0,332
2016/12/11,2016,12,11,7,346,201649,919,101,.00,500,9.78,0,0
2016/12/12,2016,12,12,1,347,201650,2,101,1.55,500,5.84,0,407
2016/12/12,2016,12,12,1,347,201650,919,101,1.56,500,5.84,0,112
2016/12/13,2016,12,13,2,348,201650,2,101,1.57,500,8.07,0,463
2016/12/13,2016,12,13,2,348,201650,919,101,1.52,500,8.07,0,92
2016/12/14,2016,12,14,3,349,201650,2,101,1.62,800,10.00,0,369
2016/12/14,2016,12,14,3,349,201650,919,101,1.46,800,10.00,0,111
2016/12/15,2016,12,15,4,350,201650,2,101,1.59,802,8.14,0,505
2016/12/15,2016,12,15,4,350,201650,919,101,1.39,802,8.14,0,94
2016/12/16,2016,12,16,5,351,201650,2,101,1.65,800,9.86,0,499
2016/12/16,2016,12,16,5,351,201650,919,101,1.67,800,9.86,0,130
2016/12/17,2016,12,17,6,352,201650,2,101,1.57,500,11.57,0,624
2016/12/17,2016,12,17,6,352,201650,919,101,1.60,500,11.57,0,156
2016/12/18,2016,12,18,7,353,201650,2,101,1.56,500,8.18,0,388
2016/12/18,2016,12,18,7,353,201650,919,101,.00,500,8.18,0,0
2016/12/19,2016,12,19,1,354,201651,2,101,1.64,500,5.77,0,480
2016/12/19,2016,12,19,1,354,201651,919,101,1.68,500,5.77,0,82
2016/12/20,2016,12,20,2,355,201651,2,101,1.59,801,6.68,0,478
2016/12/20,2016,12,20,2,355,201651,919,101,1.50,801,6.68,0,119
2016/12/21,2016,12,21,3,356,201651,2,101,1.59,501,7.17,0,470
2016/12/21,2016,12,21,3,356,201651,919,101,1.61,501,7.17,0,91
2016/12/22,2016,12,22,4,357,201651,2,101,1.47,500,8.32,0,629
2016/12/22,2016,12,22,4,357,201651,919,101,1.64,500,8.32,0,92
2016/12/23,2016,12,23,5,358,201651,2,101,1.68,500,8.11,0,590
2016/12/23,2016,12,23,5,358,201651,919,101,1.57,500,8.11,0,99
2016/12/24,2016,12,24,6,359,201651,2,101,1.63,801,10.73,1,220
2016/12/24,2016,12,24,6,359,201651,919,101,1.61,801,10.73,1,43
2016/12/25,2016,12,25,7,360,201651,2,101,.00,500,11.73,1,0
2016/12/25,2016,12,25,7,360,201651,919,101,.00,500,11.73,1,0
2016/12/26,2016,12,26,1,361,201652,2,101,1.71,800,9.23,1,607
2016/12/26,2016,12,26,1,361,201652,919,101,1.66,800,9.23,1,125
2016/12/27,2016,12,27,2,362,201652,2,101,1.77,800,10.73,1,504
2016/12/27,2016,12,27,2,362,201652,919,101,1.58,800,10.73,1,144
2016/12/28,2016,12,28,3,363,201652,2,101,1.74,500,2.76,1,527
2016/12/28,2016,12,28,3,363,201652,919,101,1.78,500,2.76,1,120
2016/12/29,2016,12,29,4,364,201652,2,101,1.80,800,4.22,1,827
2016/12/29,2016,12,29,4,364,201652,919,101,1.57,800,4.22,1,144
2016/12/30,2016,12,30,5,365,201652,2,101,1.68,800,4.64,1,713
2016/12/30,2016,12,30,5,365,201652,919,101,1.62,800,4.64,1,118
2016/12/31,2016,12,31,6,366,201652,2,101,1.70,800,4.54,1,352
2016/12/31,2016,12,31,6,366,201652,919,101,1.61,800,4.54,1,104
2017/1/1,2017,1,1,7,1,201652,2,101,.00,501,2.24,0,0
2017/1/1,2017,1,1,7,1,201652,919,101,.00,501,2.24,0,0
2017/1/2,2017,1,2,1,2,201701,2,101,1.62,500,9.59,1,683
2017/1/2,2017,1,2,1,2,201701,919,101,1.65,500,9.59,1,191
2017/1/3,2017,1,3,2,3,201701,2,101,1.59,500,6.31,1,593
2017/1/3,2017,1,3,2,3,201701,919,101,1.55,500,6.31,1,166
2017/1/4,2017,1,4,3,4,201701,2,101,1.53,500,7.06,1,512
2017/1/4,2017,1,4,3,4,201701,919,101,1.56,500,7.06,1,140
2017/1/5,2017,1,5,4,5,201701,2,101,1.58,500,7.57,1,605
2017/1/5,2017,1,5,4,5,201701,919,101,1.46,500,7.57,1,117
2017/1/6,2017,1,6,5,6,201701,2,101,1.57,600,1.42,1,637
2017/1/6,2017,1,6,5,6,201701,919,101,1.48,600,1.42,1,120
2017/1/7,2017,1,7,6,7,201701,2,101,1.55,500,5.36,1,737
2017/1/7,2017,1,7,6,7,201701,919,101,1.55,500,5.36,1,175
2017/1/8,2017,1,8,7,8,201701,2,101,.00,500,9.84,1,0
2017/1/8,2017,1,8,7,8,201701,919,101,.00,500,9.84,1,0
2017/1/9,2017,1,9,1,9,201702,2,101,1.54,501,8.05,1,442
2017/1/9,2017,1,9,1,9,201702,919,101,1.57,501,8.05,1,99
2017/1/10,2017,1,10,2,10,201702,2,101,1.59,500,8.40,1,393
2017/1/10,2017,1,10,2,10,201702,919,101,1.44,500,8.40,1,114
2017/1/11,2017,1,11,3,11,201702,2,101,1.60,500,10.92,0,344
2017/1/11,2017,1,11,3,11,201702,919,101,1.52,500,10.92,0,105
2017/1/12,2017,1,12,4,12,201702,2,101,1.59,502,7.77,0,550
2017/1/12,2017,1,12,4,12,201702,919,101,1.46,502,7.77,0,98
2017/1/13,2017,1,13,5,13,201702,2,101,1.53,600,4.01,0,511
2017/1/13,2017,1,13,5,13,201702,919,101,1.55,600,4.01,0,106
2017/1/14,2017,1,14,6,14,201702,2,101,1.59,500,4.98,0,630
2017/1/14,2017,1,14,6,14,201702,919,101,1.60,500,4.98,0,169
2017/1/15,2017,1,15,7,15,201702,2,101,1.44,500,4.81,0,240
2017/1/15,2017,1,15,7,15,201702,919,101,.00,500,4.81,0,0
2017/1/16,2017,1,16,1,16,201703,2,101,1.62,600,5.40,0,393
2017/1/16,2017,1,16,1,16,201703,919,101,1.52,600,5.40,0,106
2017/1/17,2017,1,17,2,17,201703,2,101,1.54,800,-.50,1,402
2017/1/17,2017,1,17,2,17,201703,919,101,1.59,800,-.50,1,108
2017/1/18,2017,1,18,3,18,201703,2,101,1.59,803,.47,1,310
2017/1/18,2017,1,18,3,18,201703,919,101,1.57,803,.47,1,119
2017/1/19,2017,1,19,4,19,201703,2,101,1.62,801,4.90,1,542
2017/1/19,2017,1,19,4,19,201703,919,101,1.57,801,4.90,1,87
2017/1/20,2017,1,20,5,20,201703,2,101,1.57,800,6.91,1,598
2017/1/20,2017,1,20,5,20,201703,919,101,1.58,800,6.91,1,166
2017/1/21,2017,1,21,6,21,201703,2,101,1.59,800,5.41,1,669
2017/1/21,2017,1,21,6,21,201703,919,101,1.59,800,5.41,1,172
2017/1/22,2017,1,22,7,22,201703,2,101,.00,800,7.26,1,0
2017/1/22,2017,1,22,7,22,201703,919,101,.00,800,7.26,1,0
2017/1/23,2017,1,23,1,23,201704,2,101,1.51,800,8.54,1,358
2017/1/23,2017,1,23,1,23,201704,919,101,1.61,800,8.54,1,99
2017/1/24,2017,1,24,2,24,201704,2,101,1.58,800,6.99,1,431
2017/1/24,2017,1,24,2,24,201704,919,101,1.26,800,6.99,1,110
2017/1/25,2017,1,25,3,25,201704,2,101,1.58,800,-.55,1,376
2017/1/25,2017,1,25,3,25,201704,919,101,1.43,800,-.55,1,77
2017/1/26,2017,1,26,4,26,201704,2,101,1.58,800,1.45,1,618
2017/1/26,2017,1,26,4,26,201704,919,101,1.38,800,1.45,1,95
2017/1/27,2017,1,27,5,27,201704,2,101,1.58,500,7.36,1,645
2017/1/27,2017,1,27,5,27,201704,919,101,1.50,500,7.36,1,132
2017/1/28,2017,1,28,6,28,201704,2,101,1.54,500,11.16,1,720
2017/1/28,2017,1,28,6,28,201704,919,101,1.58,500,11.16,1,178
2017/1/29,2017,1,29,7,29,201704,2,101,.00,500,6.84,1,0
2017/1/29,2017,1,29,7,29,201704,919,101,.00,500,6.84,1,0
2017/1/30,2017,1,30,1,30,201705,2,101,1.37,500,8.03,1,486
2017/1/30,2017,1,30,1,30,201705,919,101,1.54,500,8.03,1,144
2017/1/31,2017,1,31,2,31,201705,2,101,1.52,500,5.39,1,507
2017/1/31,2017,1,31,2,31,201705,919,101,1.46,500,5.39,1,128
2017/2/1,2017,2,1,3,32,201705,2,101,1.60,501,7.94,0,363
2017/2/1,2017,2,1,3,32,201705,919,101,1.61,501,7.94,0,121
2017/2/2,2017,2,2,4,33,201705,2,101,1.60,500,12.71,0,496
2017/2/2,2017,2,2,4,33,201705,919,101,1.47,500,12.71,0,131
2017/2/3,2017,2,3,5,34,201705,2,101,1.53,500,10.94,0,543
2017/2/3,2017,2,3,5,34,201705,919,101,1.55,500,10.94,0,102
2017/2/4,2017,2,4,6,35,201705,2,101,1.55,501,8.51,0,748
2017/2/4,2017,2,4,6,35,201705,919,101,1.60,501,8.51,0,148
2017/2/5,2017,2,5,7,36,201705,2,101,.00,500,7.24,0,0
2017/2/5,2017,2,5,7,36,201705,919,101,.00,500,7.24,0,0
2017/2/6,2017,2,6,1,37,201706,2,101,1.48,500,8.16,0,438
2017/2/6,2017,2,6,1,37,201706,919,101,1.58,500,8.16,0,134
2017/2/7,2017,2,7,2,38,201706,2,101,1.56,501,5.14,0,442
2017/2/7,2017,2,7,2,38,201706,919,101,1.59,501,5.14,0,121
2017/2/8,2017,2,8,3,39,201706,2,101,1.47,600,2.25,0,411
2017/2/8,2017,2,8,3,39,201706,919,101,1.50,600,2.25,0,100
2017/2/9,2017,2,9,4,40,201706,2,101,1.58,600,1.24,0,530
2017/2/9,2017,2,9,4,40,201706,919,101,1.45,600,1.24,0,93
2017/2/10,2017,2,10,5,41,201706,2,101,1.57,600,.35,0,540
2017/2/10,2017,2,10,5,41,201706,919,101,1.61,600,.35,0,100
2017/2/11,2017,2,11,6,42,201706,2,101,1.51,600,3.85,0,731
2017/2/11,2017,2,11,6,42,201706,919,101,1.54,600,3.85,0,169
2017/2/12,2017,2,12,7,43,201706,2,101,.00,800,6.08,0,0
2017/2/12,2017,2,12,7,43,201706,919,101,.00,800,6.08,0,0
2017/2/13,2017,2,13,1,44,201707,2,101,1.53,800,8.11,0,422
2017/2/13,2017,2,13,1,44,201707,919,101,1.59,800,8.11,0,96
2017/2/14,2017,2,14,2,45,201707,2,101,1.59,800,6.42,1,474
2017/2/14,2017,2,14,2,45,201707,919,101,1.49,800,6.42,1,87
2017/2/15,2017,2,15,3,46,201707,2,101,1.53,500,12.24,1,445
2017/2/15,2017,2,15,3,46,201707,919,101,1.46,500,12.24,1,91
2017/2/16,2017,2,16,4,47,201707,2,101,1.56,500,13.00,1,724
2017/2/16,2017,2,16,4,47,201707,919,101,1.46,500,13.00,1,94
2017/2/17,2017,2,17,5,48,201707,2,101,1.56,500,11.47,1,675
2017/2/17,2017,2,17,5,48,201707,919,101,1.43,500,11.47,1,141
2017/2/18,2017,2,18,6,49,201707,2,101,1.63,500,10.96,1,752
2017/2/18,2017,2,18,6,49,201707,919,101,1.47,500,10.96,1,174
2017/2/19,2017,2,19,7,50,201707,2,101,.00,500,11.31,1,0
2017/2/19,2017,2,19,7,50,201707,919,101,.00,500,11.31,1,0
2017/2/20,2017,2,20,1,51,201708,2,101,1.55,500,13.11,1,492
2017/2/20,2017,2,20,1,51,201708,919,101,1.49,500,13.11,1,159
2017/2/21,2017,2,21,2,52,201708,2,101,1.56,500,10.32,1,543
2017/2/21,2017,2,21,2,52,201708,919,101,1.44,500,10.32,1,137
2017/2/22,2017,2,22,3,53,201708,2,101,1.70,500,11.24,1,301
2017/2/22,2017,2,22,3,53,201708,919,101,1.47,500,11.24,1,99
2017/2/23,2017,2,23,4,54,201708,2,101,1.68,500,10.82,1,529
2017/2/23,2017,2,23,4,54,201708,919,101,1.53,500,10.82,1,86
2017/2/24,2017,2,24,5,55,201708,2,101,1.59,500,6.90,1,548
2017/2/24,2017,2,24,5,55,201708,919,101,1.65,500,6.90,1,140
2017/2/25,2017,2,25,6,56,201708,2,101,1.59,500,7.44,1,701
2017/2/25,2017,2,25,6,56,201708,919,101,1.55,500,7.44,1,141
2017/2/26,2017,2,26,7,57,201708,2,101,.00,500,10.82,1,0
2017/2/26,2017,2,26,7,57,201708,919,101,.00,500,10.82,1,0
2017/2/27,2017,2,27,1,58,201709,2,101,1.64,501,8.89,1,404
2017/2/27,2017,2,27,1,58,201709,919,101,1.49,501,8.89,1,157
2017/2/28,2017,2,28,2,59,201709,2,101,1.71,501,3.92,1,458
2017/2/28,2017,2,28,2,59,201709,919,101,1.48,501,3.92,1,129
2017/3/1,2017,3,1,3,60,201709,2,101,1.65,501,9.66,0,421
2017/3/1,2017,3,1,3,60,201709,919,101,1.56,501,9.66,0,151
2017/3/2,2017,3,2,4,61,201709,2,101,1.71,802,10.25,0,589
2017/3/2,2017,3,2,4,61,201709,919,101,1.63,802,10.25,0,123
2017/3/3,2017,3,3,5,62,201709,2,101,1.65,501,9.82,0,579
2017/3/3,2017,3,3,5,62,201709,919,101,1.54,501,9.82,0,148
2017/3/4,2017,3,4,6,63,201709,2,101,1.61,500,9.31,0,689
2017/3/4,2017,3,4,6,63,201709,919,101,1.57,500,9.31,0,158
2017/3/5,2017,3,5,7,64,201709,2,101,.00,501,4.32,0,0
2017/3/5,2017,3,5,7,64,201709,919,101,.00,501,4.32,0,0
2017/3/6,2017,3,6,1,65,201710,2,101,1.54,500,7.61,0,386
2017/3/6,2017,3,6,1,65,201710,919,101,1.58,500,7.61,0,98
2017/3/7,2017,3,7,2,66,201710,2,101,1.68,801,9.33,1,489
2017/3/7,2017,3,7,2,66,201710,919,101,1.57,801,9.33,1,102
2017/3/8,2017,3,8,3,67,201710,2,101,1.73,501,11.58,1,461
2017/3/8,2017,3,8,3,67,201710,919,101,1.59,501,11.58,1,144
2017/3/9,2017,3,9,4,68,201710,2,101,1.71,500,12.51,1,662
2017/3/9,2017,3,9,4,68,201710,919,101,1.77,500,12.51,1,99
2017/3/10,2017,3,10,5,69,201710,2,101,1.86,801,12.99,1,535
2017/3/10,2017,3,10,5,69,201710,919,101,1.69,801,12.99,1,139
2017/3/11,2017,3,11,6,70,201710,2,101,1.83,802,13.98,1,587
2017/3/11,2017,3,11,6,70,201710,919,101,1.62,802,13.98,1,164
2017/3/12,2017,3,12,7,71,201710,2,101,.00,803,13.16,1,0
2017/3/12,2017,3,12,7,71,201710,919,101,.00,803,13.16,1,0
2017/3/13,2017,3,13,1,72,201711,2,101,1.64,800,11.85,1,397
2017/3/13,2017,3,13,1,72,201711,919,101,1.53,800,11.85,1,85
2017/3/14,2017,3,14,2,73,201711,2,101,1.64,800,14.08,1,375
2017/3/14,2017,3,14,2,73,201711,919,101,1.68,800,14.08,1,111
2017/3/15,2017,3,15,3,74,201711,2,101,1.63,800,13.95,0,350
2017/3/15,2017,3,15,3,74,201711,919,101,1.75,800,13.95,0,114
2017/3/16,2017,3,16,4,75,201711,2,101,1.62,800,19.34,0,406
2017/3/16,2017,3,16,4,75,201711,919,101,1.70,800,19.34,0,77
2017/3/17,2017,3,17,5,76,201711,2,101,1.63,500,11.38,0,512
2017/3/17,2017,3,17,5,76,201711,919,101,1.54,500,11.38,0,119
2017/3/18,2017,3,18,6,77,201711,2,101,1.59,500,14.10,0,665
2017/3/18,2017,3,18,6,77,201711,919,101,1.58,500,14.10,0,170
2017/3/19,2017,3,19,7,78,201711,2,101,.00,500,12.05,0,0
2017/3/19,2017,3,19,7,78,201711,919,101,.00,500,12.05,0,0
2017/3/20,2017,3,20,1,79,201712,2,101,1.65,500,11.31,0,369
2017/3/20,2017,3,20,1,79,201712,919,101,1.53,500,11.31,0,142
2017/3/21,2017,3,21,2,80,201712,2,101,1.73,800,10.15,0,375
2017/3/21,2017,3,21,2,80,201712,919,101,1.47,800,10.15,0,133
2017/3/22,2017,3,22,3,81,201712,2,101,1.91,500,9.74,0,310
2017/3/22,2017,3,22,3,81,201712,919,101,1.57,500,9.74,0,93
2017/3/23,2017,3,23,4,82,201712,2,101,1.80,801,15.50,0,466
2017/3/23,2017,3,23,4,82,201712,919,101,1.55,801,15.50,0,88
2017/3/24,2017,3,24,5,83,201712,2,101,1.84,800,13.22,0,483
2017/3/24,2017,3,24,5,83,201712,919,101,1.57,800,13.22,0,151
2017/3/25,2017,3,25,6,84,201712,2,101,1.70,800,15.51,0,518
2017/3/25,2017,3,25,6,84,201712,919,101,1.60,800,15.51,0,123
2017/3/26,2017,3,26,7,85,201712,2,101,.00,801,14.81,0,0
2017/3/26,2017,3,26,7,85,201712,919,101,.00,801,14.81,0,0
2017/3/27,2017,3,27,1,86,201713,2,101,1.70,800,17.63,0,351
2017/3/27,2017,3,27,1,86,201713,919,101,1.58,800,17.63,0,111
2017/3/28,2017,3,28,2,87,201713,2,101,1.64,800,20.29,1,389
2017/3/28,2017,3,28,2,87,201713,919,101,1.53,800,20.29,1,101
2017/3/29,2017,3,29,3,88,201713,2,101,1.66,500,16.65,1,360
2017/3/29,2017,3,29,3,88,201713,919,101,1.45,500,16.65,1,140
2017/3/30,2017,3,30,4,89,201713,2,101,1.55,801,20.94,1,489
2017/3/30,2017,3,30,4,89,201713,919,101,1.47,801,20.94,1,114
2017/3/31,2017,3,31,5,90,201713,2,101,1.56,500,18.07,1,523
2017/3/31,2017,3,31,5,90,201713,919,101,1.49,500,18.07,1,166
2017/4/1,2017,4,1,6,91,201713,2,101,1.56,803,13.81,1,652
2017/4/1,2017,4,1,6,91,201713,919,101,1.48,803,13.81,1,158
2017/4/2,2017,4,2,7,92,201713,2,101,.00,802,15.16,1,0
2017/4/2,2017,4,2,7,92,201713,919,101,.00,802,15.16,1,0
2017/4/3,2017,4,3,1,93,201714,2,101,1.48,800,13.43,1,409
2017/4/3,2017,4,3,1,93,201714,919,101,1.44,800,13.43,1,147
2017/4/4,2017,4,4,2,94,201714,2,101,1.51,800,15.56,1,487
2017/4/4,2017,4,4,2,94,201714,919,101,1.44,800,15.56,1,149
2017/4/5,2017,4,5,3,95,201714,2,101,1.57,800,11.68,0,396
2017/4/5,2017,4,5,3,95,201714,919,101,1.41,800,11.68,0,116
2017/4/6,2017,4,6,4,96,201714,2,101,1.54,802,11.18,0,540
2017/4/6,2017,4,6,4,96,201714,919,101,1.48,802,11.18,0,71
2017/4/7,2017,4,7,5,97,201714,2,101,1.57,800,13.11,0,461
2017/4/7,2017,4,7,5,97,201714,919,101,1.58,800,13.11,0,125
2017/4/8,2017,4,8,6,98,201714,2,101,1.54,800,16.82,0,528
2017/4/8,2017,4,8,6,98,201714,919,101,1.50,800,16.82,0,126
2017/4/9,2017,4,9,7,99,201714,2,101,.00,800,22.92,0,0
2017/4/9,2017,4,9,7,99,201714,919,101,.00,800,22.92,0,0
2017/4/10,2017,4,10,1,100,201715,2,101,1.54,800,11.13,0,387
2017/4/10,2017,4,10,1,100,201715,919,101,1.47,800,11.13,0,69
2017/4/11,2017,4,11,2,101,201715,2,101,1.48,802,13.99,0,423
2017/4/11,2017,4,11,2,101,201715,919,101,1.54,802,13.99,0,78
2017/4/12,2017,4,12,3,102,201715,2,101,1.55,800,12.85,0,324
2017/4/12,2017,4,12,3,102,201715,919,101,1.52,800,12.85,0,76
2017/4/13,2017,4,13,4,103,201715,2,101,1.57,801,11.77,0,478
2017/4/13,2017,4,13,4,103,201715,919,101,1.64,801,11.77,0,70
2017/4/14,2017,4,14,5,104,201715,2,101,1.59,803,13.79,0,520
2017/4/14,2017,4,14,5,104,201715,919,101,1.50,803,13.79,0,104
2017/4/15,2017,4,15,6,105,201715,2,101,1.51,500,11.38,0,567
2017/4/15,2017,4,15,6,105,201715,919,101,1.63,500,11.38,0,105
2017/4/16,2017,4,16,7,106,201715,2,101,.00,500,12.30,0,0
2017/4/16,2017,4,16,7,106,201715,919,101,.00,500,12.30,0,0
2017/4/17,2017,4,17,1,107,201716,2,101,1.60,500,10.25,0,512
2017/4/17,2017,4,17,1,107,201716,919,101,.00,500,10.25,0,0
2017/4/18,2017,4,18,2,108,201716,2,101,1.57,500,9.23,0,402
2017/4/18,2017,4,18,2,108,201716,919,101,1.60,500,9.23,0,139
2017/4/19,2017,4,19,3,109,201716,2,101,1.60,802,9.42,0,292
2017/4/19,2017,4,19,3,109,201716,919,101,1.58,802,9.42,0,76
2017/4/20,2017,4,20,4,110,201716,2,101,1.58,800,11.57,0,373
2017/4/20,2017,4,20,4,110,201716,919,101,1.52,800,11.57,0,63
2017/4/21,2017,4,21,5,111,201716,2,101,1.56,800,14.82,0,453
2017/4/21,2017,4,21,5,111,201716,919,101,1.60,800,14.82,0,108
2017/4/22,2017,4,22,6,112,201716,2,101,1.55,802,10.27,0,563
2017/4/22,2017,4,22,6,112,201716,919,101,1.57,802,10.27,0,147
2017/4/23,2017,4,23,7,113,201716,2,101,.00,801,11.69,0,0
2017/4/23,2017,4,23,7,113,201716,919,101,.00,801,11.69,0,0
2017/4/24,2017,4,24,1,114,201717,2,101,1.59,500,15.48,0,392
2017/4/24,2017,4,24,1,114,201717,919,101,1.59,500,15.48,0,111
2017/4/25,2017,4,25,2,115,201717,2,101,1.54,500,9.31,0,394
2017/4/25,2017,4,25,2,115,201717,919,101,1.60,500,9.31,0,108
2017/4/26,2017,4,26,3,116,201717,2,101,1.66,500,9.23,0,353
2017/4/26,2017,4,26,3,116,201717,919,101,1.61,500,9.23,0,80
2017/4/27,2017,4,27,4,117,201717,2,101,1.65,500,10.71,0,557
2017/4/27,2017,4,27,4,117,201717,919,101,1.52,500,10.71,0,138
2017/4/28,2017,4,28,5,118,201717,2,101,1.60,500,10.12,0,613
2017/4/28,2017,4,28,5,118,201717,919,101,1.57,500,10.12,0,120
2017/4/29,2017,4,29,6,119,201717,2,101,1.62,801,15.74,0,762
2017/4/29,2017,4,29,6,119,201717,919,101,1.53,801,15.74,0,177
2017/4/30,2017,4,30,7,120,201717,2,101,.00,501,20.16,0,0
2017/4/30,2017,4,30,7,120,201717,919,101,.00,501,20.16,0,0
2017/5/1,2017,5,1,1,121,201718,2,101,.00,500,13.05,0,0
2017/5/1,2017,5,1,1,121,201718,919,101,.00,500,13.05,0,0
2017/5/2,2017,5,2,2,122,201718,2,101,1.51,803,15.10,1,653
2017/5/2,2017,5,2,2,122,201718,919,101,1.52,803,15.10,1,220
2017/5/3,2017,5,3,3,123,201718,2,101,1.38,500,11.12,1,601
2017/5/3,2017,5,3,3,123,201718,919,101,1.53,500,11.12,1,115
2017/5/4,2017,5,4,4,124,201718,2,101,1.45,500,13.24,1,651
2017/5/4,2017,5,4,4,124,201718,919,101,1.55,500,13.24,1,113
2017/5/5,2017,5,5,5,125,201718,2,101,1.44,802,12.44,1,569
2017/5/5,2017,5,5,5,125,201718,919,101,1.46,802,12.44,1,163
2017/5/6,2017,5,6,6,126,201718,2,101,1.53,803,18.19,1,641
2017/5/6,2017,5,6,6,126,201718,919,101,1.44,803,18.19,1,120
2017/5/7,2017,5,7,7,127,201718,2,101,.00,804,11.36,1,0
2017/5/7,2017,5,7,7,127,201718,919,101,.00,804,11.36,1,0
2017/5/8,2017,5,8,1,128,201719,2,101,1.55,500,10.93,1,519
2017/5/8,2017,5,8,1,128,201719,919,101,1.50,500,10.93,1,45
2017/5/9,2017,5,9,2,129,201719,2,101,1.55,800,13.62,1,373
2017/5/9,2017,5,9,2,129,201719,919,101,1.49,800,13.62,1,167
2017/5/10,2017,5,10,3,130,201719,2,101,1.55,800,16.80,0,257
2017/5/10,2017,5,10,3,130,201719,919,101,1.52,800,16.80,0,78
2017/5/11,2017,5,11,4,131,201719,2,101,1.58,500,23.48,0,363
2017/5/11,2017,5,11,4,131,201719,919,101,1.64,500,23.48,0,87
2017/5/12,2017,5,12,5,132,201719,2,101,1.59,501,20.93,0,363
2017/5/12,2017,5,12,5,132,201719,919,101,1.55,501,20.93,0,120
2017/5/13,2017,5,13,6,133,201719,2,101,1.58,500,17.74,0,526
2017/5/13,2017,5,13,6,133,201719,919,101,1.53,500,17.74,0,153
2017/5/14,2017,5,14,7,134,201719,2,101,.00,800,17.55,0,0
2017/5/14,2017,5,14,7,134,201719,919,101,.00,800,17.55,0,0
2017/5/15,2017,5,15,1,135,201720,2,101,1.61,803,20.52,0,304
2017/5/15,2017,5,15,1,135,201720,919,101,1.62,803,20.52,0,89
2017/5/16,2017,5,16,2,136,201720,2,101,1.54,801,27.30,1,336
2017/5/16,2017,5,16,2,136,201720,919,101,1.45,801,27.30,1,94
2017/5/17,2017,5,17,3,137,201720,2,101,1.57,500,29.54,1,281
2017/5/17,2017,5,17,3,137,201720,919,101,1.52,500,29.54,1,71
2017/5/18,2017,5,18,4,138,201720,2,101,1.65,501,15.49,1,432
2017/5/18,2017,5,18,4,138,201720,919,101,1.43,501,15.49,1,69
2017/5/19,2017,5,19,5,139,201720,2,101,1.58,500,14.85,1,529
2017/5/19,2017,5,19,5,139,201720,919,101,1.60,500,14.85,1,114
2017/5/20,2017,5,20,6,140,201720,2,101,1.56,803,15.04,1,541
2017/5/20,2017,5,20,6,140,201720,919,101,1.58,803,15.04,1,130
2017/5/21,2017,5,21,7,141,201720,2,101,.00,803,18.52,1,0
2017/5/21,2017,5,21,7,141,201720,919,101,.00,803,18.52,1,0
2017/5/22,2017,5,22,1,142,201721,2,101,1.53,802,24.68,1,336
2017/5/22,2017,5,22,1,142,201721,919,101,1.62,802,24.68,1,86
2017/5/23,2017,5,23,2,143,201721,2,101,1.54,800,18.26,1,372
2017/5/23,2017,5,23,2,143,201721,919,101,1.58,800,18.26,1,75
2017/5/24,2017,5,24,3,144,201721,2,101,1.64,800,20.85,1,381
2017/5/24,2017,5,24,3,144,201721,919,101,1.55,800,20.85,1,85
2017/5/25,2017,5,25,4,145,201721,2,101,1.60,800,23.78,1,435
2017/5/25,2017,5,25,4,145,201721,919,101,1.65,800,23.78,1,34
2017/5/26,2017,5,26,5,146,201721,2,101,1.52,800,27.02,1,400
2017/5/26,2017,5,26,5,146,201721,919,101,1.48,800,27.02,1,117
2017/5/27,2017,5,27,6,147,201721,2,101,1.54,801,31.34,1,294
2017/5/27,2017,5,27,6,147,201721,919,101,1.52,801,31.34,1,64
2017/5/28,2017,5,28,7,148,201721,2,101,.00,804,24.33,1,0
2017/5/28,2017,5,28,7,148,201721,919,101,.00,804,24.33,1,0
2017/5/29,2017,5,29,1,149,201722,2,101,1.47,802,25.38,1,286
2017/5/29,2017,5,29,1,149,201722,919,101,1.59,802,25.38,1,76
2017/5/30,2017,5,30,2,150,201722,2,101,1.51,500,20.50,1,365
2017/5/30,2017,5,30,2,150,201722,919,101,1.69,500,20.50,1,97
2017/5/31,2017,5,31,3,151,201722,2,101,1.50,800,20.98,1,308
2017/5/31,2017,5,31,3,151,201722,919,101,1.65,800,20.98,1,125
2017/6/1,2017,6,1,4,152,201722,2,101,1.46,800,24.34,1,389
2017/6/1,2017,6,1,4,152,201722,919,101,1.52,800,24.34,1,105
2017/6/2,2017,6,2,5,153,201722,2,101,1.50,500,27.05,1,348
2017/6/2,2017,6,2,5,153,201722,919,101,1.55,500,27.05,1,94
2017/6/3,2017,6,3,6,154,201722,2,101,1.62,803,19.87,1,460
2017/6/3,2017,6,3,6,154,201722,919,101,1.66,803,19.87,1,101
2017/6/4,2017,6,4,7,155,201722,2,101,.00,800,18.15,1,0
2017/6/4,2017,6,4,7,155,201722,919,101,.00,800,18.15,1,0
2017/6/5,2017,6,5,1,156,201723,2,101,1.60,500,21.53,1,493
2017/6/5,2017,6,5,1,156,201723,919,101,1.65,500,21.53,1,36
2017/6/6,2017,6,6,2,157,201723,2,101,1.57,501,14.58,1,423
2017/6/6,2017,6,6,2,157,201723,919,101,1.58,501,14.58,1,109
2017/6/7,2017,6,7,3,158,201723,2,101,1.53,801,17.80,0,364
2017/6/7,2017,6,7,3,158,201723,919,101,1.58,801,17.80,0,118
2017/6/8,2017,6,8,4,159,201723,2,101,1.56,500,23.63,0,341
2017/6/8,2017,6,8,4,159,201723,919,101,1.48,500,23.63,0,86
2017/6/9,2017,6,9,5,160,201723,2,101,1.53,803,19.14,0,455
2017/6/9,2017,6,9,5,160,201723,919,101,1.59,803,19.14,0,91
2017/6/10,2017,6,10,6,161,201723,2,101,1.77,801,25.96,0,470
2017/6/10,2017,6,10,6,161,201723,919,101,1.69,801,25.96,0,77
2017/6/11,2017,6,11,7,162,201723,2,101,.00,802,26.50,0,0
2017/6/11,2017,6,11,7,162,201723,919,101,.00,802,26.50,0,0
2017/6/12,2017,6,12,1,163,201724,2,101,1.57,801,19.44,0,302
2017/6/12,2017,6,12,1,163,201724,919,101,1.69,801,19.44,0,62
2017/6/13,2017,6,13,2,164,201724,2,101,1.52,800,21.01,0,317
2017/6/13,2017,6,13,2,164,201724,919,101,1.53,800,21.01,0,70
2017/6/14,2017,6,14,3,165,201724,2,101,1.58,800,25.55,0,252
2017/6/14,2017,6,14,3,165,201724,919,101,1.46,800,25.55,0,69
2017/6/15,2017,6,15,4,166,201724,2,101,1.64,800,24.85,0,348
2017/6/15,2017,6,15,4,166,201724,919,101,1.61,800,24.85,0,60
2017/6/16,2017,6,16,5,167,201724,2,101,1.60,800,20.10,0,346
2017/6/16,2017,6,16,5,167,201724,919,101,1.49,800,20.10,0,100
2017/6/17,2017,6,17,6,168,201724,2,101,1.56,800,22.76,0,398
2017/6/17,2017,6,17,6,168,201724,919,101,1.48,800,22.76,0,116
2017/6/18,2017,6,18,7,169,201724,2,101,.00,800,27.90,0,0
2017/6/18,2017,6,18,7,169,201724,919,101,.00,800,27.90,0,0
2017/6/19,2017,6,19,1,170,201725,2,101,1.55,800,29.34,0,243
2017/6/19,2017,6,19,1,170,201725,919,101,1.55,800,29.34,0,64
2017/6/20,2017,6,20,2,171,201725,2,101,1.50,801,30.11,1,302
2017/6/20,2017,6,20,2,171,201725,919,101,1.47,801,30.11,1,69
2017/6/21,2017,6,21,3,172,201725,2,101,1.38,500,33.38,1,281
2017/6/21,2017,6,21,3,172,201725,919,101,1.41,500,33.38,1,98
2017/6/22,2017,6,22,4,173,201725,2,101,1.45,500,29.73,1,365
2017/6/22,2017,6,22,4,173,201725,919,101,1.66,500,29.73,1,62
2017/6/23,2017,6,23,5,174,201725,2,101,1.46,801,22.51,1,353
2017/6/23,2017,6,23,5,174,201725,919,101,1.52,801,22.51,1,85
2017/6/24,2017,6,24,6,175,201725,2,101,1.43,500,19.54,1,491
2017/6/24,2017,6,24,6,175,201725,919,101,1.75,500,19.54,1,71
2017/6/25,2017,6,25,7,176,201725,2,101,.00,500,23.29,1,0
2017/6/25,2017,6,25,7,176,201725,919,101,.00,500,23.29,1,0
2017/6/26,2017,6,26,1,177,201726,2,101,1.41,800,21.15,1,364
2017/6/26,2017,6,26,1,177,201726,919,101,1.53,800,21.15,1,70
2017/6/27,2017,6,27,2,178,201726,2,101,1.50,501,22.52,1,334
2017/6/27,2017,6,27,2,178,201726,919,101,1.51,501,22.52,1,67
2017/6/28,2017,6,28,3,179,201726,2,101,1.52,501,17.75,0,274
2017/6/28,2017,6,28,3,179,201726,919,101,1.54,501,17.75,0,98
2017/6/29,2017,6,29,4,180,201726,2,101,1.58,802,20.87,0,373
2017/6/29,2017,6,29,4,180,201726,919,101,1.58,802,20.87,0,68
2017/6/30,2017,6,30,5,181,201726,2,101,1.55,500,18.16,0,428
2017/6/30,2017,6,30,5,181,201726,919,101,1.61,500,18.16,0,95
2017/7/1,2017,7,1,6,182,201726,2,101,1.56,803,19.36,0,579
2017/7/1,2017,7,1,6,182,201726,919,101,1.65,803,19.36,0,120
2017/7/2,2017,7,2,7,183,201726,2,101,1.48,500,21.11,0,204
2017/7/2,2017,7,2,7,183,201726,919,101,.00,500,21.11,0,0
2017/7/3,2017,7,3,1,184,201727,2,101,1.51,802,21.23,0,346
2017/7/3,2017,7,3,1,184,201727,919,101,1.48,802,21.23,0,83
2017/7/4,2017,7,4,2,185,201727,2,101,1.53,803,22.07,0,344
2017/7/4,2017,7,4,2,185,201727,919,101,1.50,803,22.07,0,89
2017/7/5,2017,7,5,3,186,201727,2,101,1.60,800,26.34,0,335
2017/7/5,2017,7,5,3,186,201727,919,101,1.50,800,26.34,0,76
2017/7/6,2017,7,6,4,187,201727,2,101,1.55,500,25.32,0,405
2017/7/6,2017,7,6,4,187,201727,919,101,1.52,500,25.32,0,57
2017/7/7,2017,7,7,5,188,201727,2,101,1.61,802,25.08,0,413
2017/7/7,2017,7,7,5,188,201727,919,101,1.57,802,25.08,0,90
2017/7/8,2017,7,8,6,189,201727,2,101,1.58,800,23.78,0,446
2017/7/8,2017,7,8,6,189,201727,919,101,1.64,800,23.78,0,103
2017/7/9,2017,7,9,7,190,201727,2,101,.00,803,26.18,0,0
2017/7/9,2017,7,9,7,190,201727,919,101,.00,803,26.18,0,0
2017/7/10,2017,7,10,1,191,201728,2,101,1.51,500,19.42,0,413
2017/7/10,2017,7,10,1,191,201728,919,101,1.62,500,19.42,0,75
2017/7/11,2017,7,11,2,192,201728,2,101,1.57,501,20.14,0,333
2017/7/11,2017,7,11,2,192,201728,919,101,1.69,501,20.14,0,62
2017/7/12,2017,7,12,3,193,201728,2,101,1.61,500,20.44,0,247
2017/7/12,2017,7,12,3,193,201728,919,101,1.70,500,20.44,0,78
2017/7/13,2017,7,13,4,194,201728,2,101,1.61,800,20.99,0,355
2017/7/13,2017,7,13,4,194,201728,919,101,1.39,800,20.99,0,70
2017/7/14,2017,7,14,5,195,201728,2,101,1.49,500,17.96,0,409
2017/7/14,2017,7,14,5,195,201728,919,101,1.60,500,17.96,0,40
2017/7/15,2017,7,15,6,196,201728,2,101,1.61,801,23.16,0,377
2017/7/15,2017,7,15,6,196,201728,919,101,1.57,801,23.16,0,90
2017/7/16,2017,7,16,7,197,201728,2,101,.00,500,22.40,0,0
2017/7/16,2017,7,16,7,197,201728,919,101,.00,500,22.40,0,0
2017/7/17,2017,7,17,1,198,201729,2,101,1.56,803,22.38,0,327
2017/7/17,2017,7,17,1,198,201729,919,101,1.59,803,22.38,0,87
2017/7/18,2017,7,18,2,199,201729,2,101,1.63,801,28.93,0,262
2017/7/18,2017,7,18,2,199,201729,919,101,1.70,801,28.93,0,53
2017/7/19,2017,7,19,3,200,201729,2,101,1.58,500,29.56,0,228
2017/7/19,2017,7,19,3,200,201729,919,101,1.62,500,29.56,0,51
2017/7/20,2017,7,20,4,201,201729,2,101,1.60,500,19.95,0,375
2017/7/20,2017,7,20,4,201,201729,919,101,1.39,500,19.95,0,45
2017/7/21,2017,7,21,5,202,201729,2,101,1.55,800,24.80,0,393
2017/7/21,2017,7,21,5,202,201729,919,101,1.58,800,24.80,0,70
2017/7/22,2017,7,22,6,203,201729,2,101,1.58,500,15.64,0,566
2017/7/22,2017,7,22,6,203,201729,919,101,1.67,500,15.64,0,71
2017/7/23,2017,7,23,7,204,201729,2,101,.00,501,19.30,0,0
2017/7/23,2017,7,23,7,204,201729,919,101,.00,501,19.30,0,0
2017/7/24,2017,7,24,1,205,201730,2,101,1.62,501,15.09,0,383
2017/7/24,2017,7,24,1,205,201730,919,101,1.62,501,15.09,0,76
2017/7/25,2017,7,25,2,206,201730,2,101,1.56,802,21.33,0,369
2017/7/25,2017,7,25,2,206,201730,919,101,1.62,802,21.33,0,65
2017/7/26,2017,7,26,3,207,201730,2,101,1.56,500,23.56,0,276
2017/7/26,2017,7,26,3,207,201730,919,101,1.53,500,23.56,0,60
2017/7/27,2017,7,27,4,208,201730,2,101,1.65,500,19.41,0,378
2017/7/27,2017,7,27,4,208,201730,919,101,1.48,500,19.41,0,71
2017/7/28,2017,7,28,5,209,201730,2,101,1.60,500,19.70,0,377
2017/7/28,2017,7,28,5,209,201730,919,101,1.57,500,19.70,0,71
2017/7/29,2017,7,29,6,210,201730,2,101,1.69,501,24.38,0,545
2017/7/29,2017,7,29,6,210,201730,919,101,1.61,501,24.38,0,105
2017/7/30,2017,7,30,7,211,201730,2,101,.00,800,21.54,0,0
2017/7/30,2017,7,30,7,211,201730,919,101,.00,800,21.54,0,0
2017/7/31,2017,7,31,1,212,201731,2,101,1.58,803,22.80,0,437
2017/7/31,2017,7,31,1,212,201731,919,101,1.67,803,22.80,0,77
2017/8/1,2017,8,1,2,213,201731,2,101,1.59,804,22.44,0,444
2017/8/1,2017,8,1,2,213,201731,919,101,1.45,804,22.44,0,54
2017/8/2,2017,8,2,3,214,201731,2,101,1.57,500,22.79,0,390
2017/8/2,2017,8,2,3,214,201731,919,101,1.58,500,22.79,0,45
2017/8/3,2017,8,3,4,215,201731,2,101,1.57,500,21.50,0,399
2017/8/3,2017,8,3,4,215,201731,919,101,1.58,500,21.50,0,53
2017/8/4,2017,8,4,5,216,201731,2,101,1.68,500,21.65,0,387
2017/8/4,2017,8,4,5,216,201731,919,101,1.55,500,21.65,0,69
2017/8/5,2017,8,5,6,217,201731,2,101,1.48,500,20.01,0,460
2017/8/5,2017,8,5,6,217,201731,919,101,1.57,500,20.01,0,90
2017/8/6,2017,8,6,7,218,201731,2,101,.00,802,19.91,0,0
2017/8/6,2017,8,6,7,218,201731,919,101,.00,802,19.91,0,0
2017/8/7,2017,8,7,1,219,201732,2,101,1.54,800,22.97,0,351
2017/8/7,2017,8,7,1,219,201732,919,101,1.65,800,22.97,0,75
2017/8/8,2017,8,8,2,220,201732,2,101,1.51,501,17.85,0,420
2017/8/8,2017,8,8,2,220,201732,919,101,1.60,501,17.85,0,66
2017/8/9,2017,8,9,3,221,201732,2,101,1.66,500,20.09,0,295
2017/8/9,2017,8,9,3,221,201732,919,101,1.61,500,20.09,0,44
2017/8/10,2017,8,10,4,222,201732,2,101,1.71,501,19.56,0,490
2017/8/10,2017,8,10,4,222,201732,919,101,1.60,501,19.56,0,55
2017/8/11,2017,8,11,5,223,201732,2,101,1.69,800,19.66,0,476
2017/8/11,2017,8,11,5,223,201732,919,101,1.54,800,19.66,0,65
2017/8/12,2017,8,12,6,224,201732,2,101,1.65,500,18.14,0,612
2017/8/12,2017,8,12,6,224,201732,919,101,1.68,500,18.14,0,85
2017/8/13,2017,8,13,7,225,201732,2,101,.00,801,20.84,0,0
2017/8/13,2017,8,13,7,225,201732,919,101,.00,801,20.84,0,0
2017/8/14,2017,8,14,1,226,201733,2,101,1.66,800,24.80,0,497
2017/8/14,2017,8,14,1,226,201733,919,101,1.62,800,24.80,0,66
2017/8/15,2017,8,15,2,227,201733,2,101,1.58,502,19.82,0,607
2017/8/15,2017,8,15,2,227,201733,919,101,1.57,502,19.82,0,43
2017/8/16,2017,8,16,3,228,201733,2,101,1.66,802,22.15,0,330
2017/8/16,2017,8,16,3,228,201733,919,101,1.69,802,22.15,0,79
2017/8/17,2017,8,17,4,229,201733,2,101,1.38,501,19.63,1,526
2017/8/17,2017,8,17,4,229,201733,919,101,1.67,501,19.63,1,55
2017/8/18,2017,8,18,5,230,201733,2,101,1.38,500,19.73,1,563
2017/8/18,2017,8,18,5,230,201733,919,101,1.49,500,19.73,1,122
2017/8/19,2017,8,19,6,231,201733,2,101,1.37,802,19.17,1,602
2017/8/19,2017,8,19,6,231,201733,919,101,1.49,802,19.17,1,133
2017/8/20,2017,8,20,7,232,201733,2,101,.00,800,19.20,1,0
2017/8/20,2017,8,20,7,232,201733,919,101,.00,800,19.20,1,0
2017/8/21,2017,8,21,1,233,201734,2,101,1.39,803,19.73,1,592
2017/8/21,2017,8,21,1,233,201734,919,101,1.65,803,19.73,1,104
2017/8/22,2017,8,22,2,234,201734,2,101,1.40,802,22.80,1,449
2017/8/22,2017,8,22,2,234,201734,919,101,1.59,802,22.80,1,86
2017/8/23,2017,8,23,3,235,201734,2,101,1.39,802,29.24,1,310
2017/8/23,2017,8,23,3,235,201734,919,101,1.60,802,29.24,1,69
2017/8/24,2017,8,24,4,236,201734,2,101,1.52,803,21.66,1,446
2017/8/24,2017,8,24,4,236,201734,919,101,1.34,803,21.66,1,88
2017/8/25,2017,8,25,5,237,201734,2,101,1.65,803,24.08,1,471
2017/8/25,2017,8,25,5,237,201734,919,101,1.61,803,24.08,1,102
2017/8/26,2017,8,26,6,238,201734,2,101,1.81,802,24.13,1,565
2017/8/26,2017,8,26,6,238,201734,919,101,1.56,802,24.13,1,115
2017/8/27,2017,8,27,7,239,201734,2,101,.00,800,26.29,1,0
2017/8/27,2017,8,27,7,239,201734,919,101,.00,800,26.29,1,0
2017/8/28,2017,8,28,1,240,201735,2,101,1.66,802,27.63,1,454
2017/8/28,2017,8,28,1,240,201735,919,101,1.59,802,27.63,1,137
2017/8/29,2017,8,29,2,241,201735,2,101,1.71,500,29.29,1,403
2017/8/29,2017,8,29,2,241,201735,919,101,1.63,500,29.29,1,100
2017/8/30,2017,8,30,3,242,201735,2,101,1.76,501,17.62,1,415
2017/8/30,2017,8,30,3,242,201735,919,101,1.57,501,17.62,1,86
2017/8/31,2017,8,31,4,243,201735,2,101,1.58,800,19.51,1,495
2017/8/31,2017,8,31,4,243,201735,919,101,1.56,800,19.51,1,98
2017/9/1,2017,9,1,5,244,201735,2,101,1.60,500,19.87,1,579
2017/9/1,2017,9,1,5,244,201735,919,101,1.61,500,19.87,1,111
2017/9/2,2017,9,2,6,245,201735,2,101,1.61,500,18.87,1,466
2017/9/2,2017,9,2,6,245,201735,919,101,1.63,500,18.87,1,162
2017/9/3,2017,9,3,7,246,201735,2,101,1.52,803,19.61,1,253
2017/9/3,2017,9,3,7,246,201735,919,101,.00,803,19.61,1,0
2017/9/4,2017,9,4,1,247,201736,2,101,1.63,500,17.85,0,515
2017/9/4,2017,9,4,1,247,201736,919,101,1.68,500,17.85,0,138
2017/9/5,2017,9,5,2,248,201736,2,101,1.59,501,23.74,0,496
2017/9/5,2017,9,5,2,248,201736,919,101,1.62,501,23.74,0,141
2017/9/6,2017,9,6,3,249,201736,2,101,1.71,803,17.69,0,420
2017/9/6,2017,9,6,3,249,201736,919,101,1.67,803,17.69,0,107
2017/9/7,2017,9,7,4,250,201736,2,101,1.60,500,18.94,1,475
2017/9/7,2017,9,7,4,250,201736,919,101,1.50,500,18.94,1,87
2017/9/8,2017,9,8,5,251,201736,2,101,1.54,502,16.51,1,781
2017/9/8,2017,9,8,5,251,201736,919,101,1.49,502,16.51,1,145
2017/9/9,2017,9,9,6,252,201736,2,101,1.53,500,17.67,1,835
2017/9/9,2017,9,9,6,252,201736,919,101,1.53,500,17.67,1,214
2017/9/10,2017,9,10,7,253,201736,2,101,.00,500,18.38,1,0
2017/9/10,2017,9,10,7,253,201736,919,101,.00,500,18.38,1,0
2017/9/11,2017,9,11,1,254,201737,2,101,1.59,501,13.56,1,582
2017/9/11,2017,9,11,1,254,201737,919,101,1.56,501,13.56,1,139
2017/9/12,2017,9,12,2,255,201737,2,101,1.54,500,17.66,1,590
2017/9/12,2017,9,12,2,255,201737,919,101,1.48,500,17.66,1,115
2017/9/13,2017,9,13,3,256,201737,2,101,1.56,500,14.76,1,479
2017/9/13,2017,9,13,3,256,201737,919,101,1.58,500,14.76,1,112
2017/9/14,2017,9,14,4,257,201737,2,101,1.56,501,14.28,1,499
2017/9/14,2017,9,14,4,257,201737,919,101,1.59,501,14.28,1,81
2017/9/15,2017,9,15,5,258,201737,2,101,1.53,501,14.67,0,511
2017/9/15,2017,9,15,5,258,201737,919,101,1.67,501,14.67,0,105
2017/9/16,2017,9,16,6,259,201737,2,101,1.53,500,15.66,0,643
2017/9/16,2017,9,16,6,259,201737,919,101,1.75,500,15.66,0,126
2017/9/17,2017,9,17,7,260,201737,2,101,.00,802,18.28,0,0
2017/9/17,2017,9,17,7,260,201737,919,101,.00,802,18.28,0,0
2017/9/18,2017,9,18,1,261,201738,2,101,1.58,501,10.62,0,386
2017/9/18,2017,9,18,1,261,201738,919,101,1.66,501,10.62,0,101
2017/9/19,2017,9,19,2,262,201738,2,101,1.58,500,18.65,0,383
2017/9/19,2017,9,19,2,262,201738,919,101,1.67,500,18.65,0,119
2017/9/20,2017,9,20,3,263,201738,2,101,1.58,500,17.04,0,353
2017/9/20,2017,9,20,3,263,201738,919,101,1.62,500,17.04,0,81
2017/9/21,2017,9,21,4,264,201738,2,101,1.62,801,21.02,0,458
2017/9/21,2017,9,21,4,264,201738,919,101,1.46,801,21.02,0,103
2017/9/22,2017,9,22,5,265,201738,2,101,1.53,500,16.32,0,576
2017/9/22,2017,9,22,5,265,201738,919,101,1.66,500,16.32,0,118
2017/9/23,2017,9,23,6,266,201738,2,101,1.56,800,20.67,0,571
2017/9/23,2017,9,23,6,266,201738,919,101,1.64,800,20.67,0,143
2017/9/24,2017,9,24,7,267,201738,2,101,.00,800,23.08,0,0
2017/9/24,2017,9,24,7,267,201738,919,101,.00,800,23.08,0,0
2017/9/25,2017,9,25,1,268,201739,2,101,1.58,801,22.57,0,372
2017/9/25,2017,9,25,1,268,201739,919,101,1.73,801,22.57,0,84
2017/9/26,2017,9,26,2,269,201739,2,101,1.56,800,21.03,0,438
2017/9/26,2017,9,26,2,269,201739,919,101,1.51,800,21.03,0,128
2017/9/27,2017,9,27,3,270,201739,2,101,1.60,803,21.87,0,308
2017/9/27,2017,9,27,3,270,201739,919,101,1.63,803,21.87,0,87
2017/9/28,2017,9,28,4,271,201739,2,101,1.57,500,20.22,0,505
2017/9/28,2017,9,28,4,271,201739,919,101,1.68,500,20.22,0,106
2017/9/29,2017,9,29,5,272,201739,2,101,1.56,501,23.29,0,637
2017/9/29,2017,9,29,5,272,201739,919,101,1.58,501,23.29,0,160
2017/9/30,2017,9,30,6,273,201739,2,101,1.55,500,15.88,0,815
2017/9/30,2017,9,30,6,273,201739,919,101,1.66,500,15.88,0,200
2017/10/1,2017,10,1,7,274,201739,2,101,.00,500,17.52,0,0
2017/10/1,2017,10,1,7,274,201739,919,101,.00,500,17.52,0,0
2017/10/2,2017,10,2,1,275,201740,2,101,1.57,500,18.21,0,425
2017/10/2,2017,10,2,1,275,201740,919,101,1.66,500,18.21,0,115
2017/10/3,2017,10,3,2,276,201740,2,101,1.51,803,15.22,0,524
2017/10/3,2017,10,3,2,276,201740,919,101,1.52,803,15.22,0,113
2017/10/4,2017,10,4,3,277,201740,2,101,1.55,802,15.55,0,402
2017/10/4,2017,10,4,3,277,201740,919,101,1.51,802,15.55,0,116
2017/10/5,2017,10,5,4,278,201740,2,101,1.58,500,13.92,1,484
2017/10/5,2017,10,5,4,278,201740,919,101,1.64,500,13.92,1,85
2017/10/6,2017,10,6,5,279,201740,2,101,1.42,500,13.11,1,734
2017/10/6,2017,10,6,5,279,201740,919,101,1.57,500,13.11,1,175
2017/10/7,2017,10,7,6,280,201740,2,101,1.44,501,15.11,1,889
2017/10/7,2017,10,7,6,280,201740,919,101,1.62,501,15.11,1,176
2017/10/8,2017,10,8,7,281,201740,2,101,.00,803,16.21,1,0
2017/10/8,2017,10,8,7,281,201740,919,101,.00,803,16.21,1,0
2017/10/9,2017,10,9,1,282,201741,2,101,1.31,500,18.29,1,472
2017/10/9,2017,10,9,1,282,201741,919,101,1.77,500,18.29,1,133
2017/10/10,2017,10,10,2,283,201741,2,101,1.39,500,18.19,1,455
2017/10/10,2017,10,10,2,283,201741,919,101,1.61,500,18.19,1,131
2017/10/11,2017,10,11,3,284,201741,2,101,1.45,500,17.25,1,425
2017/10/11,2017,10,11,3,284,201741,919,101,1.60,500,17.25,1,94
2017/10/12,2017,10,12,4,285,201741,2,101,1.42,803,17.35,1,546
2017/10/12,2017,10,12,4,285,201741,919,101,1.69,803,17.35,1,82
2017/10/13,2017,10,13,5,286,201741,2,101,1.54,500,20.47,0,632
2017/10/13,2017,10,13,5,286,201741,919,101,1.59,500,20.47,0,140
2017/10/14,2017,10,14,6,287,201741,2,101,1.56,801,21.90,0,593
2017/10/14,2017,10,14,6,287,201741,919,101,1.68,801,21.90,0,174
2017/10/15,2017,10,15,7,288,201741,2,101,.00,800,24.60,0,0
2017/10/15,2017,10,15,7,288,201741,919,101,.00,800,24.60,0,0
2017/10/16,2017,10,16,1,289,201742,2,101,1.51,800,24.70,0,378
2017/10/16,2017,10,16,1,289,201742,919,101,1.63,800,24.70,0,134
2017/10/17,2017,10,17,2,290,201742,2,101,1.51,802,17.08,0,393
2017/10/17,2017,10,17,2,290,201742,919,101,1.70,802,17.08,0,118
2017/10/18,2017,10,18,3,291,201742,2,101,1.51,803,20.04,0,325
2017/10/18,2017,10,18,3,291,201742,919,101,1.57,803,20.04,0,83
2017/10/19,2017,10,19,4,292,201742,2,101,1.51,801,21.65,1,445
2017/10/19,2017,10,19,4,292,201742,919,101,1.67,801,21.65,1,98
2017/10/20,2017,10,20,5,293,201742,2,101,1.52,500,14.45,1,593
2017/10/20,2017,10,20,5,293,201742,919,101,1.65,500,14.45,1,154
2017/10/21,2017,10,21,6,294,201742,2,101,1.50,501,16.02,1,698
2017/10/21,2017,10,21,6,294,201742,919,101,1.68,501,16.02,1,254
2017/10/22,2017,10,22,7,295,201742,2,101,.00,500,12.65,1,0
2017/10/22,2017,10,22,7,295,201742,919,101,.00,500,12.65,1,0
2017/10/23,2017,10,23,1,296,201743,2,101,1.50,500,16.51,1,470
2017/10/23,2017,10,23,1,296,201743,919,101,1.69,500,16.51,1,122
2017/10/24,2017,10,24,2,297,201743,2,101,1.57,500,17.80,1,432
2017/10/24,2017,10,24,2,297,201743,919,101,1.60,500,17.80,1,121
2017/10/25,2017,10,25,3,298,201743,2,101,1.49,500,17.02,1,390
2017/10/25,2017,10,25,3,298,201743,919,101,1.62,500,17.02,1,104
2017/10/26,2017,10,26,4,299,201743,2,101,1.53,500,17.14,1,565
2017/10/26,2017,10,26,4,299,201743,919,101,1.63,500,17.14,1,109
2017/10/27,2017,10,27,5,300,201743,2,101,1.52,802,14.99,0,748
2017/10/27,2017,10,27,5,300,201743,919,101,1.60,802,14.99,0,169
2017/10/28,2017,10,28,6,301,201743,2,101,1.60,500,13.99,0,729
2017/10/28,2017,10,28,6,301,201743,919,101,1.69,500,13.99,0,186
2017/10/29,2017,10,29,7,302,201743,2,101,.00,802,13.30,0,0
2017/10/29,2017,10,29,7,302,201743,919,101,.00,802,13.30,0,0
2017/10/30,2017,10,30,1,303,201744,2,101,1.54,804,11.97,0,523
2017/10/30,2017,10,30,1,303,201744,919,101,1.66,804,11.97,0,147
2017/10/31,2017,10,31,2,304,201744,2,101,1.54,802,14.87,0,592
2017/10/31,2017,10,31,2,304,201744,919,101,1.61,802,14.87,0,150
2017/11/1,2017,11,1,3,305,201744,2,101,1.50,802,15.19,0,659
2017/11/1,2017,11,1,3,305,201744,919,101,1.52,802,15.19,0,79
2017/11/2,2017,11,2,4,306,201744,2,101,1.46,500,15.81,0,672
2017/11/2,2017,11,2,4,306,201744,919,101,1.59,500,15.81,0,135
2017/11/3,2017,11,3,5,307,201744,2,101,1.53,800,15.00,0,719
2017/11/3,2017,11,3,5,307,201744,919,101,1.60,800,15.00,0,178
2017/11/4,2017,11,4,6,308,201744,2,101,1.51,501,13.73,0,699
2017/11/4,2017,11,4,6,308,201744,919,101,1.65,501,13.73,0,205
2017/11/5,2017,11,5,7,309,201744,2,101,.00,801,9.73,0,0
2017/11/5,2017,11,5,7,309,201744,919,101,.00,801,9.73,0,0
2017/11/6,2017,11,6,1,310,201745,2,101,1.48,501,10.77,0,535
2017/11/6,2017,11,6,1,310,201745,919,101,1.71,501,10.77,0,129
2017/11/7,2017,11,7,2,311,201745,2,101,1.50,800,13.31,0,527
2017/11/7,2017,11,7,2,311,201745,919,101,1.55,800,13.31,0,153
2017/11/8,2017,11,8,3,312,201745,2,101,1.53,500,10.50,0,411
2017/11/8,2017,11,8,3,312,201745,919,101,1.69,500,10.50,0,114
2017/11/9,2017,11,9,4,313,201745,2,101,1.58,500,13.21,0,511
2017/11/9,2017,11,9,4,313,201745,919,101,1.68,500,13.21,0,104
2017/11/10,2017,11,10,5,314,201745,2,101,1.61,500,13.46,0,668
2017/11/10,2017,11,10,5,314,201745,919,101,1.70,500,13.46,0,159
2017/11/11,2017,11,11,6,315,201745,2,101,1.56,500,10.73,0,824
2017/11/11,2017,11,11,6,315,201745,919,101,1.44,500,10.73,0,119
2017/11/12,2017,11,12,7,316,201745,2,101,.00,501,8.32,0,0
2017/11/12,2017,11,12,7,316,201745,919,101,.00,501,8.32,0,0
2017/11/13,2017,11,13,1,317,201746,2,101,1.48,500,9.93,0,467
2017/11/13,2017,11,13,1,317,201746,919,101,1.55,500,9.93,0,152
2017/11/14,2017,11,14,2,318,201746,2,101,1.50,500,11.99,0,417
2017/11/14,2017,11,14,2,318,201746,919,101,1.56,500,11.99,0,132
2017/11/15,2017,11,15,3,319,201746,2,101,1.53,500,13.53,0,340
2017/11/15,2017,11,15,3,319,201746,919,101,1.63,500,13.53,0,133
2017/11/16,2017,11,16,4,320,201746,2,101,1.57,500,12.20,1,490
2017/11/16,2017,11,16,4,320,201746,919,101,1.63,500,12.20,1,86
2017/11/17,2017,11,17,5,321,201746,2,101,1.51,800,13.56,1,663
2017/11/17,2017,11,17,5,321,201746,919,101,1.52,800,13.56,1,177
2017/11/18,2017,11,18,6,322,201746,2,101,1.52,500,12.75,1,705
2017/11/18,2017,11,18,6,322,201746,919,101,1.59,500,12.75,1,242
2017/11/19,2017,11,19,7,323,201746,2,101,.00,800,10.79,1,0
2017/11/19,2017,11,19,7,323,201746,919,101,.00,800,10.79,1,0
2017/11/20,2017,11,20,1,324,201747,2,101,1.56,501,11.37,1,396
2017/11/20,2017,11,20,1,324,201747,919,101,1.65,501,11.37,1,135
2017/11/21,2017,11,21,2,325,201747,2,101,1.58,500,11.68,1,382
2017/11/21,2017,11,21,2,325,201747,919,101,1.62,500,11.68,1,126
2017/11/22,2017,11,22,3,326,201747,2,101,1.52,800,14.56,1,387
2017/11/22,2017,11,22,3,326,201747,919,101,1.61,800,14.56,1,115
2017/11/23,2017,11,23,4,327,201747,2,101,1.51,501,11.57,1,550
2017/11/23,2017,11,23,4,327,201747,919,101,1.46,501,11.57,1,100
2017/11/24,2017,11,24,5,328,201747,2,101,1.61,501,10.00,0,522
2017/11/24,2017,11,24,5,328,201747,919,101,1.54,501,10.00,0,171
2017/11/25,2017,11,25,6,329,201747,2,101,1.56,500,7.04,0,691
2017/11/25,2017,11,25,6,329,201747,919,101,1.63,500,7.04,0,185
2017/11/26,2017,11,26,7,330,201747,2,101,.00,500,8.46,0,0
2017/11/26,2017,11,26,7,330,201747,919,101,.00,500,8.46,0,0
2017/11/27,2017,11,27,1,331,201748,2,101,1.53,502,10.55,0,455
2017/11/27,2017,11,27,1,331,201748,919,101,1.59,502,10.55,0,149
2017/11/28,2017,11,28,2,332,201748,2,101,1.53,500,8.85,0,530
2017/11/28,2017,11,28,2,332,201748,919,101,1.54,500,8.85,0,137
2017/11/29,2017,11,29,3,333,201748,2,101,1.54,501,6.10,0,484
2017/11/29,2017,11,29,3,333,201748,919,101,1.62,501,6.10,0,134
2017/11/30,2017,11,30,4,334,201748,2,101,1.59,502,3.86,0,730
2017/11/30,2017,11,30,4,334,201748,919,101,1.61,502,3.86,0,151
2017/12/1,2017,12,1,5,335,201748,2,101,1.59,501,5.82,0,672
2017/12/1,2017,12,1,5,335,201748,919,101,1.62,501,5.82,0,194
2017/12/2,2017,12,2,6,336,201748,2,101,1.49,500,.65,0,809
2017/12/2,2017,12,2,6,336,201748,919,101,1.65,500,.65,0,232
2017/12/3,2017,12,3,7,337,201748,2,101,1.45,500,6.24,0,310
2017/12/3,2017,12,3,7,337,201748,919,101,.00,500,6.24,0,0
2017/12/4,2017,12,4,1,338,201749,2,101,1.59,800,10.69,0,488
2017/12/4,2017,12,4,1,338,201749,919,101,1.57,800,10.69,0,122
2017/12/5,2017,12,5,2,339,201749,2,101,1.48,500,11.30,1,528
2017/12/5,2017,12,5,2,339,201749,919,101,1.61,500,11.30,1,143
2017/12/6,2017,12,6,3,340,201749,2,101,1.48,500,11.37,1,527
2017/12/6,2017,12,6,3,340,201749,919,101,1.48,500,11.37,1,159
2017/12/7,2017,12,7,4,341,201749,2,101,1.48,501,8.10,1,585
2017/12/7,2017,12,7,4,341,201749,919,101,1.45,501,8.10,1,125
2017/12/8,2017,12,8,5,342,201749,2,101,1.46,801,5.43,1,715
2017/12/8,2017,12,8,5,342,201749,919,101,1.56,801,5.43,1,145
2017/12/9,2017,12,9,6,343,201749,2,101,1.51,800,5.11,1,694
2017/12/9,2017,12,9,6,343,201749,919,101,1.49,800,5.11,1,172
2017/12/10,2017,12,10,7,344,201749,2,101,1.51,601,7.30,1,360
2017/12/10,2017,12,10,7,344,201749,919,101,.00,601,7.30,1,0
2017/12/11,2017,12,11,1,345,201750,2,101,1.40,602,.67,1,349
2017/12/11,2017,12,11,1,345,201750,919,101,1.51,602,.67,1,143
2017/12/12,2017,12,12,2,346,201750,2,101,1.48,500,3.82,1,542
2017/12/12,2017,12,12,2,346,201750,919,101,1.55,500,3.82,1,134
2017/12/13,2017,12,13,3,347,201750,2,101,1.62,502,7.04,0,386
2017/12/13,2017,12,13,3,347,201750,919,101,1.52,502,7.04,0,127
2017/12/14,2017,12,14,4,348,201750,2,101,1.59,500,6.59,0,554
2017/12/14,2017,12,14,4,348,201750,919,101,1.58,500,6.59,0,100
2017/12/15,2017,12,15,5,349,201750,2,101,1.59,500,6.60,0,547
2017/12/15,2017,12,15,5,349,201750,919,101,1.67,500,6.60,0,128
2017/12/16,2017,12,16,6,350,201750,2,101,1.54,500,5.54,0,598
2017/12/16,2017,12,16,6,350,201750,919,101,1.70,500,5.54,0,155
2017/12/17,2017,12,17,7,351,201750,2,101,1.57,501,7.29,0,384
2017/12/17,2017,12,17,7,351,201750,919,101,.00,501,7.29,0,0
2017/12/18,2017,12,18,1,352,201751,2,101,1.53,802,9.01,0,441
2017/12/18,2017,12,18,1,352,201751,919,101,1.66,802,9.01,0,149
2017/12/19,2017,12,19,2,353,201751,2,101,1.47,800,9.47,0,448
2017/12/19,2017,12,19,2,353,201751,919,101,1.66,800,9.47,0,113
2017/12/20,2017,12,20,3,354,201751,2,101,1.60,500,9.60,0,439
2017/12/20,2017,12,20,3,354,201751,919,101,1.67,500,9.60,0,115
2017/12/21,2017,12,21,4,355,201751,2,101,1.58,500,10.30,0,606
2017/12/21,2017,12,21,4,355,201751,919,101,1.72,500,10.30,0,87
2017/12/22,2017,12,22,5,356,201751,2,101,1.62,500,9.92,0,580
2017/12/22,2017,12,22,5,356,201751,919,101,1.69,500,9.92,0,150
2017/12/23,2017,12,23,6,357,201751,2,101,1.50,500,10.45,0,648
2017/12/23,2017,12,23,6,357,201751,919,101,1.65,500,10.45,0,122
2017/12/24,2017,12,24,7,358,201751,2,101,1.57,500,10.71,0,164
2017/12/24,2017,12,24,7,358,201751,919,101,1.75,500,10.71,0,21
2017/12/25,2017,12,25,1,359,201752,2,101,.00,500,7.18,0,0
2017/12/25,2017,12,25,1,359,201752,919,101,.00,500,7.18,0,0
2017/12/26,2017,12,26,2,360,201752,2,101,1.56,501,8.28,0,665
2017/12/26,2017,12,26,2,360,201752,919,101,1.62,501,8.28,0,131
2017/12/27,2017,12,27,3,361,201752,2,101,1.55,501,6.95,0,500
2017/12/27,2017,12,27,3,361,201752,919,101,1.64,501,6.95,0,104
2017/12/28,2017,12,28,4,362,201752,2,101,1.62,800,6.65,0,650
2017/12/28,2017,12,28,4,362,201752,919,101,1.70,800,6.65,0,137
2017/12/29,2017,12,29,5,363,201752,2,101,1.59,501,5.08,0,748
2017/12/29,2017,12,29,5,363,201752,919,101,1.67,501,5.08,0,189
2017/12/30,2017,12,30,6,364,201752,2,101,1.61,501,12.79,0,763
2017/12/30,2017,12,30,6,364,201752,919,101,1.61,501,12.79,0,173
2017/12/31,2017,12,31,7,365,201752,2,101,1.69,502,11.92,0,348
2017/12/31,2017,12,31,7,365,201752,919,101,1.40,502,11.92,0,26
2018/1/1,2018,1,1,1,1,201801,2,101,.00,500,6.75,0,0
2018/1/1,2018,1,1,1,1,201801,919,101,.00,500,6.75,0,0
2018/1/2,2018,1,2,2,2,201801,2,101,1.62,501,6.60,0,687
2018/1/2,2018,1,2,2,2,201801,919,101,1.62,501,6.60,0,210
2018/1/3,2018,1,3,3,3,201801,2,101,1.56,500,9.78,0,500
2018/1/3,2018,1,3,3,3,201801,919,101,1.55,500,9.78,0,118
2018/1/4,2018,1,4,4,4,201801,2,101,1.59,501,15.22,0,536
2018/1/4,2018,1,4,4,4,201801,919,101,1.61,501,15.22,0,105
2018/1/5,2018,1,5,5,5,201801,2,101,1.57,501,8.11,0,571
2018/1/5,2018,1,5,5,5,201801,919,101,1.55,501,8.11,0,182
2018/1/6,2018,1,6,6,6,201801,2,101,1.55,500,7.26,0,693
2018/1/6,2018,1,6,6,6,201801,919,101,1.70,500,7.26,0,169
2018/1/7,2018,1,7,7,7,201801,2,101,.00,800,3.46,0,0
2018/1/7,2018,1,7,7,7,201801,919,101,.00,800,3.46,0,0
2018/1/8,2018,1,8,1,8,201802,2,101,1.55,802,5.66,0,457
2018/1/8,2018,1,8,1,8,201802,919,101,1.74,802,5.66,0,159
2018/1/9,2018,1,9,2,9,201802,2,101,1.51,800,4.00,0,402
2018/1/9,2018,1,9,2,9,201802,919,101,1.54,800,4.00,0,154
2018/1/10,2018,1,10,3,10,201802,2,101,1.55,500,9.07,0,387
2018/1/10,2018,1,10,3,10,201802,919,101,1.52,500,9.07,0,111
2018/1/11,2018,1,11,4,11,201802,2,101,1.60,500,8.24,0,535
2018/1/11,2018,1,11,4,11,201802,919,101,1.59,500,8.24,0,95
2018/1/12,2018,1,12,5,12,201802,2,101,1.62,500,6.81,0,524
2018/1/12,2018,1,12,5,12,201802,919,101,1.63,500,6.81,0,146
2018/1/13,2018,1,13,6,13,201802,2,101,1.57,500,5.66,0,675
2018/1/13,2018,1,13,6,13,201802,919,101,1.69,500,5.66,0,209
2018/1/14,2018,1,14,7,14,201802,2,101,1.55,0,,0,280
2018/1/14,2018,1,14,7,14,201802,919,101,.00,0,,0,0
2018/1/15,2018,1,15,1,15,201803,2,101,1.51,501,6.72,0,390
2018/1/15,2018,1,15,1,15,201803,919,101,1.63,501,6.72,0,138
2018/1/16,2018,1,16,2,16,201803,2,101,1.58,500,7.55,0,419
2018/1/16,2018,1,16,2,16,201803,919,101,1.62,500,7.55,0,138
2018/1/17,2018,1,17,3,17,201803,2,101,1.63,500,6.94,0,448
2018/1/17,2018,1,17,3,17,201803,919,101,1.73,500,6.94,0,98
2018/1/18,2018,1,18,4,18,201803,2,101,1.62,500,7.71,0,485
2018/1/18,2018,1,18,4,18,201803,919,101,1.68,500,7.71,0,87
2018/1/19,2018,1,19,5,19,201803,2,101,1.61,500,7.93,0,574
2018/1/19,2018,1,19,5,19,201803,919,101,1.54,500,7.93,0,128
2018/1/20,2018,1,20,6,20,201803,2,101,1.59,501,4.62,0,757
2018/1/20,2018,1,20,6,20,201803,919,101,1.65,501,4.62,0,224
2018/1/21,2018,1,21,7,21,201803,2,101,.00,501,6.01,0,0
2018/1/21,2018,1,21,7,21,201803,919,101,.00,501,6.01,0,0
2018/1/22,2018,1,22,1,22,201804,2,101,1.61,500,8.70,0,384
2018/1/22,2018,1,22,1,22,201804,919,101,1.64,500,8.70,0,133
2018/1/23,2018,1,23,2,23,201804,2,101,1.59,500,11.01,0,417
2018/1/23,2018,1,23,2,23,201804,919,101,1.44,500,11.01,0,123
2018/1/24,2018,1,24,3,24,201804,2,101,1.60,501,13.38,0,412
2018/1/24,2018,1,24,3,24,201804,919,101,1.73,501,13.38,0,104
2018/1/25,2018,1,25,4,25,201804,2,101,1.60,500,9.26,0,473
2018/1/25,2018,1,25,4,25,201804,919,101,1.59,500,9.26,0,97
2018/1/26,2018,1,26,5,26,201804,2,101,1.52,800,10.27,0,638
2018/1/26,2018,1,26,5,26,201804,919,101,1.66,800,10.27,0,181
2018/1/27,2018,1,27,6,27,201804,2,101,1.56,500,8.87,0,790
2018/1/27,2018,1,27,6,27,201804,919,101,1.65,500,8.87,0,220
2018/1/28,2018,1,28,7,28,201804,2,101,.00,500,12.53,0,0
2018/1/28,2018,1,28,7,28,201804,919,101,.00,500,12.53,0,0
2018/1/29,2018,1,29,1,29,201805,2,101,1.49,500,11.51,0,400
2018/1/29,2018,1,29,1,29,201805,919,101,1.69,500,11.51,0,145
2018/1/30,2018,1,30,2,30,201805,2,101,1.50,500,11.00,1,473
2018/1/30,2018,1,30,2,30,201805,919,101,1.62,500,11.00,1,101
2018/1/31,2018,1,31,3,31,201805,2,101,1.49,501,8.83,1,407
2018/1/31,2018,1,31,3,31,201805,919,101,1.57,501,8.83,1,152
2018/2/1,2018,2,1,4,32,201805,2,101,1.54,500,7.21,1,565
2018/2/1,2018,2,1,4,32,201805,919,101,1.66,500,7.21,1,103
2018/2/2,2018,2,2,5,33,201805,2,101,1.51,501,5.00,1,598
2018/2/2,2018,2,2,5,33,201805,919,101,1.68,501,5.00,1,194
2018/2/3,2018,2,3,6,34,201805,2,101,1.48,500,5.95,1,783
2018/2/3,2018,2,3,6,34,201805,919,101,1.75,500,5.95,1,201
2018/2/4,2018,2,4,7,35,201805,2,101,.00,600,7.40,1,0
2018/2/4,2018,2,4,7,35,201805,919,101,.00,600,7.40,1,0
2018/2/5,2018,2,5,1,36,201806,2,101,1.54,800,4.10,1,374
2018/2/5,2018,2,5,1,36,201806,919,101,1.67,800,4.10,1,138
2018/2/6,2018,2,6,2,37,201806,2,101,1.57,803,2.67,1,430
2018/2/6,2018,2,6,2,37,201806,919,101,1.53,803,2.67,1,129
2018/2/7,2018,2,7,3,38,201806,2,101,1.55,800,3.57,0,367
2018/2/7,2018,2,7,3,38,201806,919,101,1.53,800,3.57,0,102
2018/2/8,2018,2,8,4,39,201806,2,101,1.65,800,7.62,0,554
2018/2/8,2018,2,8,4,39,201806,919,101,1.74,800,7.62,0,119
2018/2/9,2018,2,9,5,40,201806,2,101,1.65,601,.81,0,489
2018/2/9,2018,2,9,5,40,201806,919,101,1.60,601,.81,0,133
2018/2/10,2018,2,10,6,41,201806,2,101,1.64,501,7.97,0,696
2018/2/10,2018,2,10,6,41,201806,919,101,1.62,501,7.97,0,195
2018/2/11,2018,2,11,7,42,201806,2,101,.00,500,7.30,0,0
2018/2/11,2018,2,11,7,42,201806,919,101,.00,500,7.30,0,0
2018/2/12,2018,2,12,1,43,201807,2,101,1.71,801,6.78,0,401
2018/2/12,2018,2,12,1,43,201807,919,101,1.66,801,6.78,0,126
2018/2/13,2018,2,13,2,44,201807,2,101,1.63,800,6.90,1,433
2018/2/13,2018,2,13,2,44,201807,919,101,1.55,800,6.90,1,133
2018/2/14,2018,2,14,3,45,201807,2,101,1.66,800,7.72,1,365
2018/2/14,2018,2,14,3,45,201807,919,101,1.44,800,7.72,1,127
2018/2/15,2018,2,15,4,46,201807,2,101,1.68,500,11.94,1,505
2018/2/15,2018,2,15,4,46,201807,919,101,1.55,500,11.94,1,115
2018/2/16,2018,2,16,5,47,201807,2,101,1.54,800,11.26,1,570
2018/2/16,2018,2,16,5,47,201807,919,101,1.67,800,11.26,1,123
2018/2/17,2018,2,17,6,48,201807,2,101,1.59,802,8.98,1,565
2018/2/17,2018,2,17,6,48,201807,919,101,1.70,802,8.98,1,189
2018/2/18,2018,2,18,7,49,201807,2,101,.00,800,10.95,1,0
2018/2/18,2018,2,18,7,49,201807,919,101,.00,800,10.95,1,0
2018/2/19,2018,2,19,1,50,201808,2,101,1.62,500,5.44,1,352
2018/2/19,2018,2,19,1,50,201808,919,101,1.68,500,5.44,1,104
2018/2/20,2018,2,20,2,51,201808,2,101,1.69,500,5.25,1,362
2018/2/20,2018,2,20,2,51,201808,919,101,1.67,500,5.25,1,144
2018/2/21,2018,2,21,3,52,201808,2,101,1.61,800,6.61,1,368
2018/2/21,2018,2,21,3,52,201808,919,101,1.57,800,6.61,1,131
2018/2/22,2018,2,22,4,53,201808,2,101,1.60,800,6.11,1,503
2018/2/22,2018,2,22,4,53,201808,919,101,1.51,800,6.11,1,111
2018/2/23,2018,2,23,5,54,201808,2,101,1.59,800,4.51,1,519
2018/2/23,2018,2,23,5,54,201808,919,101,1.53,800,4.51,1,127
2018/2/24,2018,2,24,6,55,201808,2,101,1.65,800,6.05,1,625
2018/2/24,2018,2,24,6,55,201808,919,101,1.56,800,6.05,1,202
2018/2/25,2018,2,25,7,56,201808,2,101,.00,800,2.65,1,0
2018/2/25,2018,2,25,7,56,201808,919,101,.00,800,2.65,1,0
2018/2/26,2018,2,26,1,57,201809,2,101,1.63,800,.71,1,498
2018/2/26,2018,2,26,1,57,201809,919,101,1.39,800,.71,1,195
2018/2/27,2018,2,27,2,58,201809,2,101,1.61,800,.90,1,434
2018/2/27,2018,2,27,2,58,201809,919,101,1.58,800,.90,1,154
2018/2/28,2018,2,28,3,59,201809,2,101,1.67,800,-.60,0,391
2018/2/28,2018,2,28,3,59,201809,919,101,1.61,800,-.60,0,136
2018/3/1,2018,3,1,4,60,201809,2,101,1.56,600,.41,0,573
2018/3/1,2018,3,1,4,60,201809,919,101,1.70,600,.41,0,125
2018/3/2,2018,3,2,5,61,201809,2,101,1.60,600,-.63,0,400
2018/3/2,2018,3,2,5,61,201809,919,101,1.61,600,-.63,0,160
2018/3/3,2018,3,3,6,62,201809,2,101,1.60,800,10.52,0,745
2018/3/3,2018,3,3,6,62,201809,919,101,1.69,800,10.52,0,207
2018/3/4,2018,3,4,7,63,201809,2,101,.00,501,12.47,0,0
2018/3/4,2018,3,4,7,63,201809,919,101,.00,501,12.47,0,0
2018/3/5,2018,3,5,1,64,201810,2,101,1.61,500,8.24,0,518
2018/3/5,2018,3,5,1,64,201810,919,101,1.82,500,8.24,0,127
2018/3/6,2018,3,6,2,65,201810,2,101,1.56,500,10.79,0,477
2018/3/6,2018,3,6,2,65,201810,919,101,1.52,500,10.79,0,121
2018/3/7,2018,3,7,3,66,201810,2,101,1.51,501,8.28,0,419
2018/3/7,2018,3,7,3,66,201810,919,101,1.55,501,8.28,0,99
2018/3/8,2018,3,8,4,67,201810,2,101,1.65,501,8.41,0,573
2018/3/8,2018,3,8,4,67,201810,919,101,1.35,501,8.41,0,78
2018/3/9,2018,3,9,5,68,201810,2,101,1.56,501,8.86,0,545
2018/3/9,2018,3,9,5,68,201810,919,101,1.66,501,8.86,0,155
2018/3/10,2018,3,10,6,69,201810,2,101,1.54,500,14.12,0,668
2018/3/10,2018,3,10,6,69,201810,919,101,1.64,500,14.12,0,206
2018/3/11,2018,3,11,7,70,201810,2,101,.00,501,14.14,0,0
2018/3/11,2018,3,11,7,70,201810,919,101,.00,501,14.14,0,0
2018/3/12,2018,3,12,1,71,201811,2,101,1.62,501,11.89,0,355
2018/3/12,2018,3,12,1,71,201811,919,101,1.73,501,11.89,0,161
2018/3/13,2018,3,13,2,72,201811,2,101,1.50,500,6.53,1,358
2018/3/13,2018,3,13,2,72,201811,919,101,1.58,500,6.53,1,124
2018/3/14,2018,3,14,3,73,201811,2,101,1.62,800,14.23,1,369
2018/3/14,2018,3,14,3,73,201811,919,101,1.57,800,14.23,1,109
2018/3/15,2018,3,15,4,74,201811,2,101,1.73,501,8.63,1,477
2018/3/15,2018,3,15,4,74,201811,919,101,1.65,501,8.63,1,103
2018/3/16,2018,3,16,5,75,201811,2,101,1.69,500,12.74,1,533
2018/3/16,2018,3,16,5,75,201811,919,101,1.62,500,12.74,1,134
2018/3/17,2018,3,17,6,76,201811,2,101,1.68,600,-1.54,1,829
2018/3/17,2018,3,17,6,76,201811,919,101,1.67,600,-1.54,1,169
2018/3/18,2018,3,18,7,77,201811,2,101,.00,600,.81,1,0
2018/3/18,2018,3,18,7,77,201811,919,101,.00,600,.81,1,0
2018/3/19,2018,3,19,1,78,201812,2,101,1.62,600,2.63,1,439
2018/3/19,2018,3,19,1,78,201812,919,101,1.75,600,2.63,1,136
2018/3/20,2018,3,20,2,79,201812,2,101,1.61,800,7.83,1,363
2018/3/20,2018,3,20,2,79,201812,919,101,1.61,800,7.83,1,110
2018/3/21,2018,3,21,3,80,201812,2,101,1.60,500,8.22,0,367
2018/3/21,2018,3,21,3,80,201812,919,101,1.73,500,8.22,0,113
2018/3/22,2018,3,22,4,81,201812,2,101,1.63,501,6.89,0,618
2018/3/22,2018,3,22,4,81,201812,919,101,1.68,501,6.89,0,107
2018/3/23,2018,3,23,5,82,201812,2,101,1.63,500,7.44,0,565
2018/3/23,2018,3,23,5,82,201812,919,101,1.69,500,7.44,0,151
2018/3/24,2018,3,24,6,83,201812,2,101,1.59,801,9.06,0,665
2018/3/24,2018,3,24,6,83,201812,919,101,1.69,801,9.06,0,192
2018/3/25,2018,3,25,7,84,201812,2,101,.00,801,12.00,0,0
2018/3/25,2018,3,25,7,84,201812,919,101,.00,801,12.00,0,0
2018/3/26,2018,3,26,1,85,201813,2,101,1.64,800,10.17,0,429
2018/3/26,2018,3,26,1,85,201813,919,101,1.66,800,10.17,0,105
2018/3/27,2018,3,27,2,86,201813,2,101,1.58,501,7.74,0,473
2018/3/27,2018,3,27,2,86,201813,919,101,1.52,501,7.74,0,139
2018/3/28,2018,3,28,3,87,201813,2,101,1.66,501,6.72,0,430
2018/3/28,2018,3,28,3,87,201813,919,101,1.72,501,6.72,0,126
2018/3/29,2018,3,29,4,88,201813,2,101,1.65,501,12.32,0,570
2018/3/29,2018,3,29,4,88,201813,919,101,1.65,501,12.32,0,98
2018/3/30,2018,3,30,5,89,201813,2,101,1.60,501,10.93,0,611
2018/3/30,2018,3,30,5,89,201813,919,101,1.62,501,10.93,0,157
2018/3/31,2018,3,31,6,90,201813,2,101,1.64,500,10.98,0,793
2018/3/31,2018,3,31,6,90,201813,919,101,1.65,500,10.98,0,235
2018/4/1,2018,4,1,7,91,201813,2,101,.00,500,7.59,0,0
2018/4/1,2018,4,1,7,91,201813,919,101,.00,500,7.59,0,0
2018/4/2,2018,4,2,1,92,201814,2,101,1.66,501,11.81,0,677
2018/4/2,2018,4,2,1,92,201814,919,101,.00,501,11.81,0,0
2018/4/3,2018,4,3,2,93,201814,2,101,1.62,502,16.82,0,440
2018/4/3,2018,4,3,2,93,201814,919,101,1.61,502,16.82,0,189
2018/4/4,2018,4,4,3,94,201814,2,101,1.50,500,13.47,0,396
2018/4/4,2018,4,4,3,94,201814,919,101,1.66,500,13.47,0,120
2018/4/5,2018,4,5,4,95,201814,2,101,1.59,801,8.63,0,505
2018/4/5,2018,4,5,4,95,201814,919,101,1.65,801,8.63,0,91
2018/4/6,2018,4,6,5,96,201814,2,101,1.60,800,16.17,0,517
2018/4/6,2018,4,6,5,96,201814,919,101,1.73,800,16.17,0,152
2018/4/7,2018,4,7,6,97,201814,2,101,1.55,803,20.85,0,501
2018/4/7,2018,4,7,6,97,201814,919,101,1.72,803,20.85,0,179
2018/4/8,2018,4,8,7,98,201814,2,101,.00,500,18.14,0,0
2018/4/8,2018,4,8,7,98,201814,919,101,.00,500,18.14,0,0
2018/4/9,2018,4,9,1,99,201815,2,101,1.62,500,14.46,0,421
2018/4/9,2018,4,9,1,99,201815,919,101,1.72,500,14.46,0,137
2018/4/10,2018,4,10,2,100,201815,2,101,1.71,500,19.02,1,461
2018/4/10,2018,4,10,2,100,201815,919,101,1.70,500,19.02,1,153
2018/4/11,2018,4,11,3,101,201815,2,101,1.69,802,15.86,1,386
2018/4/11,2018,4,11,3,101,201815,919,101,1.76,802,15.86,1,139
2018/4/12,2018,4,12,4,102,201815,2,101,1.63,501,14.36,1,541
2018/4/12,2018,4,12,4,102,201815,919,101,1.65,501,14.36,1,105
2018/4/13,2018,4,13,5,103,201815,2,101,1.69,500,14.14,1,528
2018/4/13,2018,4,13,5,103,201815,919,101,1.64,500,14.14,1,127
2018/4/14,2018,4,14,6,104,201815,2,101,1.69,501,17.02,1,628
2018/4/14,2018,4,14,6,104,201815,919,101,1.67,501,17.02,1,186
2018/4/15,2018,4,15,7,105,201815,2,101,.00,501,17.11,1,0
2018/4/15,2018,4,15,7,105,201815,919,101,.00,501,17.11,1,0
2018/4/16,2018,4,16,1,106,201816,2,101,1.64,500,14.15,1,383
2018/4/16,2018,4,16,1,106,201816,919,101,1.70,500,14.15,1,109
2018/4/17,2018,4,17,2,107,201816,2,101,1.63,801,20.31,1,313
2018/4/17,2018,4,17,2,107,201816,919,101,1.59,801,20.31,1,97
2018/4/18,2018,4,18,3,108,201816,2,101,1.61,800,23.89,0,308
2018/4/18,2018,4,18,3,108,201816,919,101,1.64,800,23.89,0,88
2018/4/19,2018,4,19,4,109,201816,2,101,1.68,800,24.99,0,336
2018/4/19,2018,4,19,4,109,201816,919,101,1.68,800,24.99,0,71
2018/4/20,2018,4,20,5,110,201816,2,101,1.59,800,23.38,0,357
2018/4/20,2018,4,20,5,110,201816,919,101,1.69,800,23.38,0,102
2018/4/21,2018,4,21,6,111,201816,2,101,1.60,800,23.99,0,361
2018/4/21,2018,4,21,6,111,201816,919,101,1.56,800,23.99,0,112
2018/4/22,2018,4,22,7,112,201816,2,101,.00,500,25.76,0,0
2018/4/22,2018,4,22,7,112,201816,919,101,.00,500,25.76,0,0
2018/4/23,2018,4,23,1,113,201817,2,101,1.53,801,16.09,0,302
2018/4/23,2018,4,23,1,113,201817,919,101,1.68,801,16.09,0,75
2018/4/24,2018,4,24,2,114,201817,2,101,1.55,500,15.28,0,280
2018/4/24,2018,4,24,2,114,201817,919,101,1.51,500,15.28,0,64
2018/4/25,2018,4,25,3,115,201817,2,101,1.55,803,14.21,0,278
2018/4/25,2018,4,25,3,115,201817,919,101,1.51,803,14.21,0,80
2018/4/26,2018,4,26,4,116,201817,2,101,1.46,800,13.30,0,412
2018/4/26,2018,4,26,4,116,201817,919,101,1.69,800,13.30,0,72
2018/4/27,2018,4,27,5,117,201817,2,101,1.55,500,15.91,0,470
2018/4/27,2018,4,27,5,117,201817,919,101,1.55,500,15.91,0,103
2018/4/28,2018,4,28,6,118,201817,2,101,1.47,500,13.35,0,577
2018/4/28,2018,4,28,6,118,201817,919,101,1.57,500,13.35,0,121
2018/4/29,2018,4,29,7,119,201817,2,101,.00,502,11.21,0,0
2018/4/29,2018,4,29,7,119,201817,919,101,.00,502,11.21,0,0
2018/4/30,2018,4,30,1,120,201818,2,101,1.54,502,9.83,0,658
2018/4/30,2018,4,30,1,120,201818,919,101,1.50,502,9.83,0,160
2018/5/1,2018,5,1,2,121,201818,2,101,.00,801,12.68,0,0
2018/5/1,2018,5,1,2,121,201818,919,101,.00,801,12.68,0,0
2018/5/2,2018,5,2,3,122,201818,2,101,1.58,500,15.67,0,492
2018/5/2,2018,5,2,3,122,201818,919,101,1.66,500,15.67,0,112
2018/5/3,2018,5,3,4,123,201818,2,101,1.51,801,14.94,0,447
2018/5/3,2018,5,3,4,123,201818,919,101,1.62,801,14.94,0,70
2018/5/4,2018,5,4,5,124,201818,2,101,1.49,800,15.74,0,516
2018/5/4,2018,5,4,5,124,201818,919,101,1.50,800,15.74,0,84
2018/5/5,2018,5,5,6,125,201818,2,101,1.48,800,20.75,0,503
2018/5/5,2018,5,5,6,125,201818,919,101,1.64,800,20.75,0,122
2018/5/6,2018,5,6,7,126,201818,2,101,.00,800,24.84,0,0
2018/5/6,2018,5,6,7,126,201818,919,101,.00,800,24.84,0,0
2018/5/7,2018,5,7,1,127,201819,2,101,1.49,800,25.99,1,367
2018/5/7,2018,5,7,1,127,201819,919,101,1.65,800,25.99,1,133
2018/5/8,2018,5,8,2,128,201819,2,101,1.48,800,27.31,1,443
2018/5/8,2018,5,8,2,128,201819,919,101,1.63,800,27.31,1,71
2018/5/9,2018,5,9,3,129,201819,2,101,1.45,800,19.90,1,389
2018/5/9,2018,5,9,3,129,201819,919,101,1.72,800,19.90,1,89
2018/5/10,2018,5,10,4,130,201819,2,101,1.43,500,14.64,1,573
2018/5/10,2018,5,10,4,130,201819,919,101,1.58,500,14.64,1,52
2018/5/11,2018,5,11,5,131,201819,2,101,1.41,800,19.41,1,585
2018/5/11,2018,5,11,5,131,201819,919,101,1.59,800,19.41,1,111
2018/5/12,2018,5,12,6,132,201819,2,101,1.47,500,23.24,1,468
2018/5/12,2018,5,12,6,132,201819,919,101,1.72,500,23.24,1,172
2018/5/13,2018,5,13,7,133,201819,2,101,.00,500,13.92,1,0
2018/5/13,2018,5,13,7,133,201819,919,101,.00,500,13.92,1,0
2018/5/14,2018,5,14,1,134,201820,2,101,1.42,500,13.98,1,503
2018/5/14,2018,5,14,1,134,201820,919,101,1.64,500,13.98,1,116
2018/5/15,2018,5,15,2,135,201820,2,101,1.43,800,18.11,1,343
2018/5/15,2018,5,15,2,135,201820,919,101,1.60,800,18.11,1,127
2018/5/16,2018,5,16,3,136,201820,2,101,1.60,500,15.90,0,316
2018/5/16,2018,5,16,3,136,201820,919,101,1.55,500,15.90,0,74
2018/5/17,2018,5,17,4,137,201820,2,101,1.60,801,14.50,0,365
2018/5/17,2018,5,17,4,137,201820,919,101,1.64,801,14.50,0,86
2018/5/18,2018,5,18,5,138,201820,2,101,1.58,800,14.68,0,425
2018/5/18,2018,5,18,5,138,201820,919,101,1.64,800,14.68,0,113
2018/5/19,2018,5,19,6,139,201820,2,101,1.51,500,13.67,0,559
2018/5/19,2018,5,19,6,139,201820,919,101,1.65,500,13.67,0,143
2018/5/20,2018,5,20,7,140,201820,2,101,.00,500,19.69,0,0
2018/5/20,2018,5,20,7,140,201820,919,101,.00,500,19.69,0,0
2018/5/21,2018,5,21,1,141,201821,2,101,1.50,501,19.88,0,472
2018/5/21,2018,5,21,1,141,201821,919,101,.00,501,19.88,0,0
2018/5/22,2018,5,22,2,142,201821,2,101,1.50,800,22.70,0,299
2018/5/22,2018,5,22,2,142,201821,919,101,1.67,800,22.70,0,128
2018/5/23,2018,5,23,3,143,201821,2,101,1.49,500,17.98,0,362
2018/5/23,2018,5,23,3,143,201821,919,101,1.73,500,17.98,0,119
2018/5/24,2018,5,24,4,144,201821,2,101,1.54,500,21.01,0,371
2018/5/24,2018,5,24,4,144,201821,919,101,1.61,500,21.01,0,82
2018/5/25,2018,5,25,5,145,201821,2,101,1.52,801,21.37,0,416
2018/5/25,2018,5,25,5,145,201821,919,101,1.71,801,21.37,0,115
2018/5/26,2018,5,26,6,146,201821,2,101,1.51,800,28.92,0,462
2018/5/26,2018,5,26,6,146,201821,919,101,1.62,800,28.92,0,143
2018/5/27,2018,5,27,7,147,201821,2,101,.00,802,25.18,0,0
2018/5/27,2018,5,27,7,147,201821,919,101,.00,802,25.18,0,0
2018/5/28,2018,5,28,1,148,201822,2,101,1.60,500,28.78,0,286
2018/5/28,2018,5,28,1,148,201822,919,101,1.77,500,28.78,0,79
2018/5/29,2018,5,29,2,149,201822,2,101,1.53,501,19.72,0,358
2018/5/29,2018,5,29,2,149,201822,919,101,1.62,501,19.72,0,120
2018/5/30,2018,5,30,3,150,201822,2,101,1.47,501,24.64,0,305
2018/5/30,2018,5,30,3,150,201822,919,101,1.64,501,24.64,0,109
2018/5/31,2018,5,31,4,151,201822,2,101,1.53,501,24.88,0,392
2018/5/31,2018,5,31,4,151,201822,919,101,1.46,501,24.88,0,106
2018/6/1,2018,6,1,5,152,201822,2,101,1.55,803,19.01,0,445
2018/6/1,2018,6,1,5,152,201822,919,101,1.55,803,19.01,0,141
